"location","origin_date","target_date","output_type_id","value","output_type","target"
"Fresno",2024-04-30,2024-05-31,0,0.95,"cdf","WNV cases"
"Fresno",2024-04-30,2024-06-30,0,0.1,"cdf","WNV cases"
"Fresno",2024-04-30,2024-07-31,0,0.01,"cdf","WNV cases"
"Fresno",2024-04-30,2024-08-31,0,0.01,"cdf","WNV cases"
"Fresno",2024-04-30,2024-09-30,0,0.01,"cdf","WNV cases"
"Fresno",2024-04-30,2024-10-31,0,0.5,"cdf","WNV cases"
"Fresno",2024-04-30,2024-11-30,0,1,"cdf","WNV cases"
"Fresno",2024-04-30,2024-12-31,0,1,"cdf","WNV cases"
"Kern",2024-04-30,2024-05-31,0,0.95,"cdf","WNV cases"
"Kern",2024-04-30,2024-06-30,0,0.6,"cdf","WNV cases"
"Kern",2024-04-30,2024-07-31,0,0.1,"cdf","WNV cases"
"Kern",2024-04-30,2024-08-31,0,0.3,"cdf","WNV cases"
"Kern",2024-04-30,2024-09-30,0,0.1,"cdf","WNV cases"
"Kern",2024-04-30,2024-10-31,0,0.95,"cdf","WNV cases"
"Kern",2024-04-30,2024-11-30,0,0.99,"cdf","WNV cases"
"Kern",2024-04-30,2024-12-31,0,1,"cdf","WNV cases"
"Los Angeles",2024-04-30,2024-05-31,0,1,"cdf","WNV cases"
"Los Angeles",2024-04-30,2024-06-30,0,0.95,"cdf","WNV cases"
"Los Angeles",2024-04-30,2024-07-31,0,0.1,"cdf","WNV cases"
"Los Angeles",2024-04-30,2024-08-31,0,0.1,"cdf","WNV cases"
"Los Angeles",2024-04-30,2024-09-30,0,0.01,"cdf","WNV cases"
"Los Angeles",2024-04-30,2024-10-31,0,0.3,"cdf","WNV cases"
"Los Angeles",2024-04-30,2024-11-30,0,0.7,"cdf","WNV cases"
"Los Angeles",2024-04-30,2024-12-31,0,1,"cdf","WNV cases"
"Merced",2024-04-30,2024-05-31,0,1,"cdf","WNV cases"
"Merced",2024-04-30,2024-06-30,0,1,"cdf","WNV cases"
"Merced",2024-04-30,2024-07-31,0,1,"cdf","WNV cases"
"Merced",2024-04-30,2024-08-31,0,0.5,"cdf","WNV cases"
"Merced",2024-04-30,2024-09-30,0,0.3,"cdf","WNV cases"
"Merced",2024-04-30,2024-10-31,0,0.5,"cdf","WNV cases"
"Merced",2024-04-30,2024-11-30,0,0.99,"cdf","WNV cases"
"Merced",2024-04-30,2024-12-31,0,1,"cdf","WNV cases"
"Orange",2024-04-30,2024-05-31,0,1,"cdf","WNV cases"
"Orange",2024-04-30,2024-06-30,0,0.9,"cdf","WNV cases"
"Orange",2024-04-30,2024-07-31,0,0.85,"cdf","WNV cases"
"Orange",2024-04-30,2024-08-31,0,0.5,"cdf","WNV cases"
"Orange",2024-04-30,2024-09-30,0,0.2,"cdf","WNV cases"
"Orange",2024-04-30,2024-10-31,0,0.4,"cdf","WNV cases"
"Orange",2024-04-30,2024-11-30,0,0.9,"cdf","WNV cases"
"Orange",2024-04-30,2024-12-31,0,0.99,"cdf","WNV cases"
"Placer",2024-04-30,2024-05-31,0,1,"cdf","WNV cases"
"Placer",2024-04-30,2024-06-30,0,1,"cdf","WNV cases"
"Placer",2024-04-30,2024-07-31,0,1,"cdf","WNV cases"
"Placer",2024-04-30,2024-08-31,0,0.8,"cdf","WNV cases"
"Placer",2024-04-30,2024-09-30,0,0.3,"cdf","WNV cases"
"Placer",2024-04-30,2024-10-31,0,1,"cdf","WNV cases"
"Placer",2024-04-30,2024-11-30,0,1,"cdf","WNV cases"
"Placer",2024-04-30,2024-12-31,0,1,"cdf","WNV cases"
"Riverside",2024-04-30,2024-05-31,0,1,"cdf","WNV cases"
"Riverside",2024-04-30,2024-06-30,0,1,"cdf","WNV cases"
"Riverside",2024-04-30,2024-07-31,0,0.85,"cdf","WNV cases"
"Riverside",2024-04-30,2024-08-31,0,0.25,"cdf","WNV cases"
"Riverside",2024-04-30,2024-09-30,0,0.5,"cdf","WNV cases"
"Riverside",2024-04-30,2024-10-31,0,0.5,"cdf","WNV cases"
"Riverside",2024-04-30,2024-11-30,0,0.95,"cdf","WNV cases"
"Riverside",2024-04-30,2024-12-31,0,1,"cdf","WNV cases"
"Sacramento",2024-04-30,2024-05-31,0,1,"cdf","WNV cases"
"Sacramento",2024-04-30,2024-06-30,0,0.99,"cdf","WNV cases"
"Sacramento",2024-04-30,2024-07-31,0,0.8,"cdf","WNV cases"
"Sacramento",2024-04-30,2024-08-31,0,0.85,"cdf","WNV cases"
"Sacramento",2024-04-30,2024-09-30,0,0.5,"cdf","WNV cases"
"Sacramento",2024-04-30,2024-10-31,0,0.9,"cdf","WNV cases"
"Sacramento",2024-04-30,2024-11-30,0,1,"cdf","WNV cases"
"Sacramento",2024-04-30,2024-12-31,0,1,"cdf","WNV cases"
"San Bernardino",2024-04-30,2024-05-31,0,1,"cdf","WNV cases"
"San Bernardino",2024-04-30,2024-06-30,0,1,"cdf","WNV cases"
"San Bernardino",2024-04-30,2024-07-31,0,0.9,"cdf","WNV cases"
"San Bernardino",2024-04-30,2024-08-31,0,0.5,"cdf","WNV cases"
"San Bernardino",2024-04-30,2024-09-30,0,0.5,"cdf","WNV cases"
"San Bernardino",2024-04-30,2024-10-31,0,0.5,"cdf","WNV cases"
"San Bernardino",2024-04-30,2024-11-30,0,1,"cdf","WNV cases"
"San Bernardino",2024-04-30,2024-12-31,0,1,"cdf","WNV cases"
"San Joaquin",2024-04-30,2024-05-31,0,1,"cdf","WNV cases"
"San Joaquin",2024-04-30,2024-06-30,0,0.99,"cdf","WNV cases"
"San Joaquin",2024-04-30,2024-07-31,0,0.6,"cdf","WNV cases"
"San Joaquin",2024-04-30,2024-08-31,0,0.5,"cdf","WNV cases"
"San Joaquin",2024-04-30,2024-09-30,0,0.5,"cdf","WNV cases"
"San Joaquin",2024-04-30,2024-10-31,0,0.9,"cdf","WNV cases"
"San Joaquin",2024-04-30,2024-11-30,0,1,"cdf","WNV cases"
"San Joaquin",2024-04-30,2024-12-31,0,1,"cdf","WNV cases"
"Solano",2024-04-30,2024-05-31,0,1,"cdf","WNV cases"
"Solano",2024-04-30,2024-06-30,0,1,"cdf","WNV cases"
"Solano",2024-04-30,2024-07-31,0,0.85,"cdf","WNV cases"
"Solano",2024-04-30,2024-08-31,0,0.7,"cdf","WNV cases"
"Solano",2024-04-30,2024-09-30,0,0.85,"cdf","WNV cases"
"Solano",2024-04-30,2024-10-31,0,1,"cdf","WNV cases"
"Solano",2024-04-30,2024-11-30,0,1,"cdf","WNV cases"
"Solano",2024-04-30,2024-12-31,0,1,"cdf","WNV cases"
"Stanislaus",2024-04-30,2024-05-31,0,1,"cdf","WNV cases"
"Stanislaus",2024-04-30,2024-06-30,0,1,"cdf","WNV cases"
"Stanislaus",2024-04-30,2024-07-31,0,0.2,"cdf","WNV cases"
"Stanislaus",2024-04-30,2024-08-31,0,0.05,"cdf","WNV cases"
"Stanislaus",2024-04-30,2024-09-30,0,0.05,"cdf","WNV cases"
"Stanislaus",2024-04-30,2024-10-31,0,0.8,"cdf","WNV cases"
"Stanislaus",2024-04-30,2024-11-30,0,1,"cdf","WNV cases"
"Stanislaus",2024-04-30,2024-12-31,0,1,"cdf","WNV cases"
"Tulare",2024-04-30,2024-05-31,0,1,"cdf","WNV cases"
"Tulare",2024-04-30,2024-06-30,0,0.95,"cdf","WNV cases"
"Tulare",2024-04-30,2024-07-31,0,0.8,"cdf","WNV cases"
"Tulare",2024-04-30,2024-08-31,0,0.1,"cdf","WNV cases"
"Tulare",2024-04-30,2024-09-30,0,0.7,"cdf","WNV cases"
"Tulare",2024-04-30,2024-10-31,0,0.95,"cdf","WNV cases"
"Tulare",2024-04-30,2024-11-30,0,1,"cdf","WNV cases"
"Tulare",2024-04-30,2024-12-31,0,1,"cdf","WNV cases"
"Fresno",2024-04-30,2024-05-31,1,0.998728629668173,"cdf","WNV cases"
"Fresno",2024-04-30,2024-06-30,1,0.78216515136565,"cdf","WNV cases"
"Fresno",2024-04-30,2024-07-31,1,0.0100702058895483,"cdf","WNV cases"
"Fresno",2024-04-30,2024-08-31,1,0.0101674107888278,"cdf","WNV cases"
"Fresno",2024-04-30,2024-09-30,1,0.11379045989389,"cdf","WNV cases"
"Fresno",2024-04-30,2024-10-31,1,0.846573590279973,"cdf","WNV cases"
"Fresno",2024-04-30,2024-11-30,1,1,"cdf","WNV cases"
"Fresno",2024-04-30,2024-12-31,1,1,"cdf","WNV cases"
"Kern",2024-04-30,2024-05-31,1,0.95,"cdf","WNV cases"
"Kern",2024-04-30,2024-06-30,1,0.6,"cdf","WNV cases"
"Kern",2024-04-30,2024-07-31,1,0.100000000026655,"cdf","WNV cases"
"Kern",2024-04-30,2024-08-31,1,0.355440315204821,"cdf","WNV cases"
"Kern",2024-04-30,2024-09-30,1,0.103999715088515,"cdf","WNV cases"
"Kern",2024-04-30,2024-10-31,1,0.95,"cdf","WNV cases"
"Kern",2024-04-30,2024-11-30,1,0.99,"cdf","WNV cases"
"Kern",2024-04-30,2024-12-31,1,1,"cdf","WNV cases"
"Los Angeles",2024-04-30,2024-05-31,1,1,"cdf","WNV cases"
"Los Angeles",2024-04-30,2024-06-30,1,1,"cdf","WNV cases"
"Los Angeles",2024-04-30,2024-07-31,1,0.828388966411218,"cdf","WNV cases"
"Los Angeles",2024-04-30,2024-08-31,1,0.180400660825293,"cdf","WNV cases"
"Los Angeles",2024-04-30,2024-09-30,1,0.0350495762371178,"cdf","WNV cases"
"Los Angeles",2024-04-30,2024-10-31,1,0.732219805778766,"cdf","WNV cases"
"Los Angeles",2024-04-30,2024-11-30,1,0.999999999993357,"cdf","WNV cases"
"Los Angeles",2024-04-30,2024-12-31,1,1,"cdf","WNV cases"
"Merced",2024-04-30,2024-05-31,1,1,"cdf","WNV cases"
"Merced",2024-04-30,2024-06-30,1,1,"cdf","WNV cases"
"Merced",2024-04-30,2024-07-31,1,1,"cdf","WNV cases"
"Merced",2024-04-30,2024-08-31,1,0.5,"cdf","WNV cases"
"Merced",2024-04-30,2024-09-30,1,0.301792962475891,"cdf","WNV cases"
"Merced",2024-04-30,2024-10-31,1,0.5,"cdf","WNV cases"
"Merced",2024-04-30,2024-11-30,1,0.99,"cdf","WNV cases"
"Merced",2024-04-30,2024-12-31,1,1,"cdf","WNV cases"
"Orange",2024-04-30,2024-05-31,1,1,"cdf","WNV cases"
"Orange",2024-04-30,2024-06-30,1,0.999995279815392,"cdf","WNV cases"
"Orange",2024-04-30,2024-07-31,1,0.99997446745648,"cdf","WNV cases"
"Orange",2024-04-30,2024-08-31,1,0.994438898091934,"cdf","WNV cases"
"Orange",2024-04-30,2024-09-30,1,0.59700781240419,"cdf","WNV cases"
"Orange",2024-04-30,2024-10-31,1,0.985721190431326,"cdf","WNV cases"
"Orange",2024-04-30,2024-11-30,1,0.999995279815392,"cdf","WNV cases"
"Orange",2024-04-30,2024-12-31,1,0.999999999578284,"cdf","WNV cases"
"Placer",2024-04-30,2024-05-31,1,1,"cdf","WNV cases"
"Placer",2024-04-30,2024-06-30,1,1,"cdf","WNV cases"
"Placer",2024-04-30,2024-07-31,1,1,"cdf","WNV cases"
"Placer",2024-04-30,2024-08-31,1,0.8,"cdf","WNV cases"
"Placer",2024-04-30,2024-09-30,1,0.678922917080004,"cdf","WNV cases"
"Placer",2024-04-30,2024-10-31,1,1,"cdf","WNV cases"
"Placer",2024-04-30,2024-11-30,1,1,"cdf","WNV cases"
"Placer",2024-04-30,2024-12-31,1,1,"cdf","WNV cases"
"Riverside",2024-04-30,2024-05-31,1,1,"cdf","WNV cases"
"Riverside",2024-04-30,2024-06-30,1,1,"cdf","WNV cases"
"Riverside",2024-04-30,2024-07-31,1,0.999366361112277,"cdf","WNV cases"
"Riverside",2024-04-30,2024-08-31,1,0.503707619214965,"cdf","WNV cases"
"Riverside",2024-04-30,2024-09-30,1,0.966686843759523,"cdf","WNV cases"
"Riverside",2024-04-30,2024-10-31,1,0.966686843759523,"cdf","WNV cases"
"Riverside",2024-04-30,2024-11-30,1,0.999978355641509,"cdf","WNV cases"
"Riverside",2024-04-30,2024-12-31,1,1,"cdf","WNV cases"
"Sacramento",2024-04-30,2024-05-31,1,1,"cdf","WNV cases"
"Sacramento",2024-04-30,2024-06-30,1,0.999949832494966,"cdf","WNV cases"
"Sacramento",2024-04-30,2024-07-31,1,0.978514841051368,"cdf","WNV cases"
"Sacramento",2024-04-30,2024-08-31,1,0.988141090073109,"cdf","WNV cases"
"Sacramento",2024-04-30,2024-09-30,1,0.846573590279973,"cdf","WNV cases"
"Sacramento",2024-04-30,2024-10-31,1,0.994824464092044,"cdf","WNV cases"
"Sacramento",2024-04-30,2024-11-30,1,1,"cdf","WNV cases"
"Sacramento",2024-04-30,2024-12-31,1,1,"cdf","WNV cases"
"San Bernardino",2024-04-30,2024-05-31,1,1,"cdf","WNV cases"
"San Bernardino",2024-04-30,2024-06-30,1,1,"cdf","WNV cases"
"San Bernardino",2024-04-30,2024-07-31,1,0.999819841308901,"cdf","WNV cases"
"San Bernardino",2024-04-30,2024-08-31,1,0.966686843759523,"cdf","WNV cases"
"San Bernardino",2024-04-30,2024-09-30,1,0.966686843759523,"cdf","WNV cases"
"San Bernardino",2024-04-30,2024-10-31,1,0.966686843759523,"cdf","WNV cases"
"San Bernardino",2024-04-30,2024-11-30,1,1,"cdf","WNV cases"
"San Bernardino",2024-04-30,2024-12-31,1,1,"cdf","WNV cases"
"San Joaquin",2024-04-30,2024-05-31,1,1,"cdf","WNV cases"
"San Joaquin",2024-04-30,2024-06-30,1,0.99,"cdf","WNV cases"
"San Joaquin",2024-04-30,2024-07-31,1,0.6,"cdf","WNV cases"
"San Joaquin",2024-04-30,2024-08-31,1,0.5,"cdf","WNV cases"
"San Joaquin",2024-04-30,2024-09-30,1,0.5,"cdf","WNV cases"
"San Joaquin",2024-04-30,2024-10-31,1,0.9,"cdf","WNV cases"
"San Joaquin",2024-04-30,2024-11-30,1,1,"cdf","WNV cases"
"San Joaquin",2024-04-30,2024-12-31,1,1,"cdf","WNV cases"
"Solano",2024-04-30,2024-05-31,1,1,"cdf","WNV cases"
"Solano",2024-04-30,2024-06-30,1,1,"cdf","WNV cases"
"Solano",2024-04-30,2024-07-31,1,0.85,"cdf","WNV cases"
"Solano",2024-04-30,2024-08-31,1,0.7,"cdf","WNV cases"
"Solano",2024-04-30,2024-09-30,1,0.85,"cdf","WNV cases"
"Solano",2024-04-30,2024-10-31,1,1,"cdf","WNV cases"
"Solano",2024-04-30,2024-11-30,1,1,"cdf","WNV cases"
"Solano",2024-04-30,2024-12-31,1,1,"cdf","WNV cases"
"Stanislaus",2024-04-30,2024-05-31,1,1,"cdf","WNV cases"
"Stanislaus",2024-04-30,2024-06-30,1,1,"cdf","WNV cases"
"Stanislaus",2024-04-30,2024-07-31,1,0.20020274980404,"cdf","WNV cases"
"Stanislaus",2024-04-30,2024-08-31,1,0.0761896439306878,"cdf","WNV cases"
"Stanislaus",2024-04-30,2024-09-30,1,0.0500000790612855,"cdf","WNV cases"
"Stanislaus",2024-04-30,2024-10-31,1,0.8,"cdf","WNV cases"
"Stanislaus",2024-04-30,2024-11-30,1,1,"cdf","WNV cases"
"Stanislaus",2024-04-30,2024-12-31,1,1,"cdf","WNV cases"
"Tulare",2024-04-30,2024-05-31,1,1,"cdf","WNV cases"
"Tulare",2024-04-30,2024-06-30,1,0.95,"cdf","WNV cases"
"Tulare",2024-04-30,2024-07-31,1,0.8,"cdf","WNV cases"
"Tulare",2024-04-30,2024-08-31,1,0.108839841897436,"cdf","WNV cases"
"Tulare",2024-04-30,2024-09-30,1,0.7,"cdf","WNV cases"
"Tulare",2024-04-30,2024-10-31,1,0.95,"cdf","WNV cases"
"Tulare",2024-04-30,2024-11-30,1,1,"cdf","WNV cases"
"Tulare",2024-04-30,2024-12-31,1,1,"cdf","WNV cases"
"Fresno",2024-04-30,2024-05-31,2,0.999978355641509,"cdf","WNV cases"
"Fresno",2024-04-30,2024-06-30,2,0.91229105929907,"cdf","WNV cases"
"Fresno",2024-04-30,2024-07-31,2,0.0241980605352105,"cdf","WNV cases"
"Fresno",2024-04-30,2024-08-31,2,0.027318563029995,"cdf","WNV cases"
"Fresno",2024-04-30,2024-09-30,2,0.445750521867609,"cdf","WNV cases"
"Fresno",2024-04-30,2024-10-31,2,0.966686843759523,"cdf","WNV cases"
"Fresno",2024-04-30,2024-11-30,2,1,"cdf","WNV cases"
"Fresno",2024-04-30,2024-12-31,2,1,"cdf","WNV cases"
"Kern",2024-04-30,2024-05-31,2,0.998728629668173,"cdf","WNV cases"
"Kern",2024-04-30,2024-06-30,2,0.906495374259594,"cdf","WNV cases"
"Kern",2024-04-30,2024-07-31,2,0.10000184055827,"cdf","WNV cases"
"Kern",2024-04-30,2024-08-31,2,0.53634444175294,"cdf","WNV cases"
"Kern",2024-04-30,2024-09-30,2,0.168062758326094,"cdf","WNV cases"
"Kern",2024-04-30,2024-10-31,2,0.998728629668173,"cdf","WNV cases"
"Kern",2024-04-30,2024-11-30,2,0.999949832494966,"cdf","WNV cases"
"Kern",2024-04-30,2024-12-31,2,1,"cdf","WNV cases"
"Los Angeles",2024-04-30,2024-05-31,2,1,"cdf","WNV cases"
"Los Angeles",2024-04-30,2024-06-30,2,1,"cdf","WNV cases"
"Los Angeles",2024-04-30,2024-07-31,2,0.969368288044991,"cdf","WNV cases"
"Los Angeles",2024-04-30,2024-08-31,2,0.527281836998174,"cdf","WNV cases"
"Los Angeles",2024-04-30,2024-09-30,2,0.193936089887752,"cdf","WNV cases"
"Los Angeles",2024-04-30,2024-10-31,2,0.92414638377502,"cdf","WNV cases"
"Los Angeles",2024-04-30,2024-11-30,2,1,"cdf","WNV cases"
"Los Angeles",2024-04-30,2024-12-31,2,1,"cdf","WNV cases"
"Merced",2024-04-30,2024-05-31,2,1,"cdf","WNV cases"
"Merced",2024-04-30,2024-06-30,2,1,"cdf","WNV cases"
"Merced",2024-04-30,2024-07-31,2,1,"cdf","WNV cases"
"Merced",2024-04-30,2024-08-31,2,0.5,"cdf","WNV cases"
"Merced",2024-04-30,2024-09-30,2,0.318127804606942,"cdf","WNV cases"
"Merced",2024-04-30,2024-10-31,2,0.5,"cdf","WNV cases"
"Merced",2024-04-30,2024-11-30,2,0.99,"cdf","WNV cases"
"Merced",2024-04-30,2024-12-31,2,1,"cdf","WNV cases"
"Orange",2024-04-30,2024-05-31,2,1,"cdf","WNV cases"
"Orange",2024-04-30,2024-06-30,2,0.99999999997392,"cdf","WNV cases"
"Orange",2024-04-30,2024-07-31,2,0.999999999484523,"cdf","WNV cases"
"Orange",2024-04-30,2024-08-31,2,0.999991658205036,"cdf","WNV cases"
"Orange",2024-04-30,2024-09-30,2,0.821622645823617,"cdf","WNV cases"
"Orange",2024-04-30,2024-10-31,2,0.999951479425094,"cdf","WNV cases"
"Orange",2024-04-30,2024-11-30,2,0.99999999997392,"cdf","WNV cases"
"Orange",2024-04-30,2024-12-31,2,1,"cdf","WNV cases"
"Placer",2024-04-30,2024-05-31,2,1,"cdf","WNV cases"
"Placer",2024-04-30,2024-06-30,2,1,"cdf","WNV cases"
"Placer",2024-04-30,2024-07-31,2,1,"cdf","WNV cases"
"Placer",2024-04-30,2024-08-31,2,0.8,"cdf","WNV cases"
"Placer",2024-04-30,2024-09-30,2,0.78911675594946,"cdf","WNV cases"
"Placer",2024-04-30,2024-10-31,2,1,"cdf","WNV cases"
"Placer",2024-04-30,2024-11-30,2,1,"cdf","WNV cases"
"Placer",2024-04-30,2024-12-31,2,1,"cdf","WNV cases"
"Riverside",2024-04-30,2024-05-31,2,1,"cdf","WNV cases"
"Riverside",2024-04-30,2024-06-30,2,1,"cdf","WNV cases"
"Riverside",2024-04-30,2024-07-31,2,0.9999991746545,"cdf","WNV cases"
"Riverside",2024-04-30,2024-08-31,2,0.695799420680161,"cdf","WNV cases"
"Riverside",2024-04-30,2024-09-30,2,0.999247962645748,"cdf","WNV cases"
"Riverside",2024-04-30,2024-10-31,2,0.999247962645748,"cdf","WNV cases"
"Riverside",2024-04-30,2024-11-30,2,0.999999997164893,"cdf","WNV cases"
"Riverside",2024-04-30,2024-12-31,2,1,"cdf","WNV cases"
"Sacramento",2024-04-30,2024-05-31,2,1,"cdf","WNV cases"
"Sacramento",2024-04-30,2024-06-30,2,0.999999999578284,"cdf","WNV cases"
"Sacramento",2024-04-30,2024-07-31,2,0.999913525085807,"cdf","WNV cases"
"Sacramento",2024-04-30,2024-08-31,2,0.99997446745648,"cdf","WNV cases"
"Sacramento",2024-04-30,2024-09-30,2,0.994438898091934,"cdf","WNV cases"
"Sacramento",2024-04-30,2024-10-31,2,0.999995279815392,"cdf","WNV cases"
"Sacramento",2024-04-30,2024-11-30,2,1,"cdf","WNV cases"
"Sacramento",2024-04-30,2024-12-31,2,1,"cdf","WNV cases"
"San Bernardino",2024-04-30,2024-05-31,2,1,"cdf","WNV cases"
"San Bernardino",2024-04-30,2024-06-30,2,1,"cdf","WNV cases"
"San Bernardino",2024-04-30,2024-07-31,2,0.99999990088827,"cdf","WNV cases"
"San Bernardino",2024-04-30,2024-08-31,2,0.999247962645748,"cdf","WNV cases"
"San Bernardino",2024-04-30,2024-09-30,2,0.999247962645748,"cdf","WNV cases"
"San Bernardino",2024-04-30,2024-10-31,2,0.999247962645748,"cdf","WNV cases"
"San Bernardino",2024-04-30,2024-11-30,2,1,"cdf","WNV cases"
"San Bernardino",2024-04-30,2024-12-31,2,1,"cdf","WNV cases"
"San Joaquin",2024-04-30,2024-05-31,2,1,"cdf","WNV cases"
"San Joaquin",2024-04-30,2024-06-30,2,0.999949832494966,"cdf","WNV cases"
"San Joaquin",2024-04-30,2024-07-31,2,0.906495374259594,"cdf","WNV cases"
"San Joaquin",2024-04-30,2024-08-31,2,0.846573590279973,"cdf","WNV cases"
"San Joaquin",2024-04-30,2024-09-30,2,0.846573590279973,"cdf","WNV cases"
"San Joaquin",2024-04-30,2024-10-31,2,0.994824464092044,"cdf","WNV cases"
"San Joaquin",2024-04-30,2024-11-30,2,1,"cdf","WNV cases"
"San Joaquin",2024-04-30,2024-12-31,2,1,"cdf","WNV cases"
"Solano",2024-04-30,2024-05-31,2,1,"cdf","WNV cases"
"Solano",2024-04-30,2024-06-30,2,1,"cdf","WNV cases"
"Solano",2024-04-30,2024-07-31,2,0.85,"cdf","WNV cases"
"Solano",2024-04-30,2024-08-31,2,0.7,"cdf","WNV cases"
"Solano",2024-04-30,2024-09-30,2,0.85,"cdf","WNV cases"
"Solano",2024-04-30,2024-10-31,2,1,"cdf","WNV cases"
"Solano",2024-04-30,2024-11-30,2,1,"cdf","WNV cases"
"Solano",2024-04-30,2024-12-31,2,1,"cdf","WNV cases"
"Stanislaus",2024-04-30,2024-05-31,2,1,"cdf","WNV cases"
"Stanislaus",2024-04-30,2024-06-30,2,1,"cdf","WNV cases"
"Stanislaus",2024-04-30,2024-07-31,2,0.208672580343286,"cdf","WNV cases"
"Stanislaus",2024-04-30,2024-08-31,2,0.163636963541446,"cdf","WNV cases"
"Stanislaus",2024-04-30,2024-09-30,2,0.0501419868148406,"cdf","WNV cases"
"Stanislaus",2024-04-30,2024-10-31,2,0.978514841051368,"cdf","WNV cases"
"Stanislaus",2024-04-30,2024-11-30,2,1,"cdf","WNV cases"
"Stanislaus",2024-04-30,2024-12-31,2,1,"cdf","WNV cases"
"Tulare",2024-04-30,2024-05-31,2,1,"cdf","WNV cases"
"Tulare",2024-04-30,2024-06-30,2,0.95,"cdf","WNV cases"
"Tulare",2024-04-30,2024-07-31,2,0.8,"cdf","WNV cases"
"Tulare",2024-04-30,2024-08-31,2,0.1808862746225,"cdf","WNV cases"
"Tulare",2024-04-30,2024-09-30,2,0.7,"cdf","WNV cases"
"Tulare",2024-04-30,2024-10-31,2,0.95,"cdf","WNV cases"
"Tulare",2024-04-30,2024-11-30,2,1,"cdf","WNV cases"
"Tulare",2024-04-30,2024-12-31,2,1,"cdf","WNV cases"
"Fresno",2024-04-30,2024-05-31,3,0.99999972316226,"cdf","WNV cases"
"Fresno",2024-04-30,2024-06-30,3,0.955021499042128,"cdf","WNV cases"
"Fresno",2024-04-30,2024-07-31,3,0.116074188461693,"cdf","WNV cases"
"Fresno",2024-04-30,2024-08-31,3,0.115440939074222,"cdf","WNV cases"
"Fresno",2024-04-30,2024-09-30,3,0.692851120856325,"cdf","WNV cases"
"Fresno",2024-04-30,2024-10-31,3,0.994438898091934,"cdf","WNV cases"
"Fresno",2024-04-30,2024-11-30,3,1,"cdf","WNV cases"
"Fresno",2024-04-30,2024-12-31,3,1,"cdf","WNV cases"
"Kern",2024-04-30,2024-05-31,3,0.999978355641509,"cdf","WNV cases"
"Kern",2024-04-30,2024-06-30,3,0.984778219628369,"cdf","WNV cases"
"Kern",2024-04-30,2024-07-31,3,0.100231985682151,"cdf","WNV cases"
"Kern",2024-04-30,2024-08-31,3,0.694791933681381,"cdf","WNV cases"
"Kern",2024-04-30,2024-09-30,3,0.30554710490144,"cdf","WNV cases"
"Kern",2024-04-30,2024-10-31,3,0.999978355641509,"cdf","WNV cases"
"Kern",2024-04-30,2024-11-30,3,0.999999832074097,"cdf","WNV cases"
"Kern",2024-04-30,2024-12-31,3,1,"cdf","WNV cases"
"Los Angeles",2024-04-30,2024-05-31,3,1,"cdf","WNV cases"
"Los Angeles",2024-04-30,2024-06-30,3,1,"cdf","WNV cases"
"Los Angeles",2024-04-30,2024-07-31,3,0.992204089675981,"cdf","WNV cases"
"Los Angeles",2024-04-30,2024-08-31,3,0.778376708319808,"cdf","WNV cases"
"Los Angeles",2024-04-30,2024-09-30,3,0.398625569221247,"cdf","WNV cases"
"Los Angeles",2024-04-30,2024-10-31,3,0.973899808226726,"cdf","WNV cases"
"Los Angeles",2024-04-30,2024-11-30,3,1,"cdf","WNV cases"
"Los Angeles",2024-04-30,2024-12-31,3,1,"cdf","WNV cases"
"Merced",2024-04-30,2024-05-31,3,1,"cdf","WNV cases"
"Merced",2024-04-30,2024-06-30,3,1,"cdf","WNV cases"
"Merced",2024-04-30,2024-07-31,3,1,"cdf","WNV cases"
"Merced",2024-04-30,2024-08-31,3,0.5,"cdf","WNV cases"
"Merced",2024-04-30,2024-09-30,3,0.3519532635727,"cdf","WNV cases"
"Merced",2024-04-30,2024-10-31,3,0.5,"cdf","WNV cases"
"Merced",2024-04-30,2024-11-30,3,0.99,"cdf","WNV cases"
"Merced",2024-04-30,2024-12-31,3,1,"cdf","WNV cases"
"Orange",2024-04-30,2024-05-31,3,1,"cdf","WNV cases"
"Orange",2024-04-30,2024-06-30,3,1,"cdf","WNV cases"
"Orange",2024-04-30,2024-07-31,3,0.999999999999997,"cdf","WNV cases"
"Orange",2024-04-30,2024-08-31,3,0.999999996236708,"cdf","WNV cases"
"Orange",2024-04-30,2024-09-30,3,0.910029934856729,"cdf","WNV cases"
"Orange",2024-04-30,2024-10-31,3,0.999999949868365,"cdf","WNV cases"
"Orange",2024-04-30,2024-11-30,3,1,"cdf","WNV cases"
"Orange",2024-04-30,2024-12-31,3,1,"cdf","WNV cases"
"Placer",2024-04-30,2024-05-31,3,1,"cdf","WNV cases"
"Placer",2024-04-30,2024-06-30,3,1,"cdf","WNV cases"
"Placer",2024-04-30,2024-07-31,3,1,"cdf","WNV cases"
"Placer",2024-04-30,2024-08-31,3,0.978514841051368,"cdf","WNV cases"
"Placer",2024-04-30,2024-09-30,3,0.844445654931124,"cdf","WNV cases"
"Placer",2024-04-30,2024-10-31,3,1,"cdf","WNV cases"
"Placer",2024-04-30,2024-11-30,3,1,"cdf","WNV cases"
"Placer",2024-04-30,2024-12-31,3,1,"cdf","WNV cases"
"Riverside",2024-04-30,2024-05-31,3,1,"cdf","WNV cases"
"Riverside",2024-04-30,2024-06-30,3,1,"cdf","WNV cases"
"Riverside",2024-04-30,2024-07-31,3,0.999999999989552,"cdf","WNV cases"
"Riverside",2024-04-30,2024-08-31,3,0.799929341666684,"cdf","WNV cases"
"Riverside",2024-04-30,2024-09-30,3,0.999999284571938,"cdf","WNV cases"
"Riverside",2024-04-30,2024-10-31,3,0.999999284571938,"cdf","WNV cases"
"Riverside",2024-04-30,2024-11-30,3,0.999999999999999,"cdf","WNV cases"
"Riverside",2024-04-30,2024-12-31,3,1,"cdf","WNV cases"
"Sacramento",2024-04-30,2024-05-31,3,1,"cdf","WNV cases"
"Sacramento",2024-04-30,2024-06-30,3,0.999999999999153,"cdf","WNV cases"
"Sacramento",2024-04-30,2024-07-31,3,0.999996169995137,"cdf","WNV cases"
"Sacramento",2024-04-30,2024-08-31,3,0.9999991746545,"cdf","WNV cases"
"Sacramento",2024-04-30,2024-09-30,3,0.999247962645748,"cdf","WNV cases"
"Sacramento",2024-04-30,2024-10-31,3,0.99999990088827,"cdf","WNV cases"
"Sacramento",2024-04-30,2024-11-30,3,1,"cdf","WNV cases"
"Sacramento",2024-04-30,2024-12-31,3,1,"cdf","WNV cases"
"San Bernardino",2024-04-30,2024-05-31,3,1,"cdf","WNV cases"
"San Bernardino",2024-04-30,2024-06-30,3,1,"cdf","WNV cases"
"San Bernardino",2024-04-30,2024-07-31,3,0.99999999997392,"cdf","WNV cases"
"San Bernardino",2024-04-30,2024-08-31,3,0.999991658205036,"cdf","WNV cases"
"San Bernardino",2024-04-30,2024-09-30,3,0.999991658205036,"cdf","WNV cases"
"San Bernardino",2024-04-30,2024-10-31,3,0.999991658205036,"cdf","WNV cases"
"San Bernardino",2024-04-30,2024-11-30,3,1,"cdf","WNV cases"
"San Bernardino",2024-04-30,2024-12-31,3,1,"cdf","WNV cases"
"San Joaquin",2024-04-30,2024-05-31,3,1,"cdf","WNV cases"
"San Joaquin",2024-04-30,2024-06-30,3,0.999999832074097,"cdf","WNV cases"
"San Joaquin",2024-04-30,2024-07-31,3,0.984778219628369,"cdf","WNV cases"
"San Joaquin",2024-04-30,2024-08-31,3,0.966686843759523,"cdf","WNV cases"
"San Joaquin",2024-04-30,2024-09-30,3,0.966686843759523,"cdf","WNV cases"
"San Joaquin",2024-04-30,2024-10-31,3,0.999819841308901,"cdf","WNV cases"
"San Joaquin",2024-04-30,2024-11-30,3,1,"cdf","WNV cases"
"San Joaquin",2024-04-30,2024-12-31,3,1,"cdf","WNV cases"
"Solano",2024-04-30,2024-05-31,3,1,"cdf","WNV cases"
"Solano",2024-04-30,2024-06-30,3,1,"cdf","WNV cases"
"Solano",2024-04-30,2024-07-31,3,0.988141090073109,"cdf","WNV cases"
"Solano",2024-04-30,2024-08-31,3,0.949672460757113,"cdf","WNV cases"
"Solano",2024-04-30,2024-09-30,3,0.988141090073109,"cdf","WNV cases"
"Solano",2024-04-30,2024-10-31,3,1,"cdf","WNV cases"
"Solano",2024-04-30,2024-11-30,3,1,"cdf","WNV cases"
"Solano",2024-04-30,2024-12-31,3,1,"cdf","WNV cases"
"Stanislaus",2024-04-30,2024-05-31,3,1,"cdf","WNV cases"
"Stanislaus",2024-04-30,2024-06-30,3,1,"cdf","WNV cases"
"Stanislaus",2024-04-30,2024-07-31,3,0.243402081205538,"cdf","WNV cases"
"Stanislaus",2024-04-30,2024-08-31,3,0.267160373625681,"cdf","WNV cases"
"Stanislaus",2024-04-30,2024-09-30,3,0.0536000446164564,"cdf","WNV cases"
"Stanislaus",2024-04-30,2024-10-31,3,0.978514841051368,"cdf","WNV cases"
"Stanislaus",2024-04-30,2024-11-30,3,1,"cdf","WNV cases"
"Stanislaus",2024-04-30,2024-12-31,3,1,"cdf","WNV cases"
"Tulare",2024-04-30,2024-05-31,3,1,"cdf","WNV cases"
"Tulare",2024-04-30,2024-06-30,3,0.998728629668173,"cdf","WNV cases"
"Tulare",2024-04-30,2024-07-31,3,0.978514841051368,"cdf","WNV cases"
"Tulare",2024-04-30,2024-08-31,3,0.300856553198236,"cdf","WNV cases"
"Tulare",2024-04-30,2024-09-30,3,0.949672460757113,"cdf","WNV cases"
"Tulare",2024-04-30,2024-10-31,3,0.998728629668173,"cdf","WNV cases"
"Tulare",2024-04-30,2024-11-30,3,1,"cdf","WNV cases"
"Tulare",2024-04-30,2024-12-31,3,1,"cdf","WNV cases"
"Fresno",2024-04-30,2024-05-31,4,0.999999997164893,"cdf","WNV cases"
"Fresno",2024-04-30,2024-06-30,4,0.973716677286507,"cdf","WNV cases"
"Fresno",2024-04-30,2024-07-31,4,0.291267622393342,"cdf","WNV cases"
"Fresno",2024-04-30,2024-08-31,4,0.270769440982884,"cdf","WNV cases"
"Fresno",2024-04-30,2024-09-30,4,0.831479305813241,"cdf","WNV cases"
"Fresno",2024-04-30,2024-10-31,4,0.999247962645748,"cdf","WNV cases"
"Fresno",2024-04-30,2024-11-30,4,1,"cdf","WNV cases"
"Fresno",2024-04-30,2024-12-31,4,1,"cdf","WNV cases"
"Kern",2024-04-30,2024-05-31,4,0.99999972316226,"cdf","WNV cases"
"Kern",2024-04-30,2024-06-30,4,0.998107847400262,"cdf","WNV cases"
"Kern",2024-04-30,2024-07-31,4,0.10343536329336,"cdf","WNV cases"
"Kern",2024-04-30,2024-08-31,4,0.801583612102155,"cdf","WNV cases"
"Kern",2024-04-30,2024-09-30,4,0.459796001324213,"cdf","WNV cases"
"Kern",2024-04-30,2024-10-31,4,0.99999972316226,"cdf","WNV cases"
"Kern",2024-04-30,2024-11-30,4,0.999999999578284,"cdf","WNV cases"
"Kern",2024-04-30,2024-12-31,4,1,"cdf","WNV cases"
"Los Angeles",2024-04-30,2024-05-31,4,1,"cdf","WNV cases"
"Los Angeles",2024-04-30,2024-06-30,4,1,"cdf","WNV cases"
"Los Angeles",2024-04-30,2024-07-31,4,0.997505844694766,"cdf","WNV cases"
"Los Angeles",2024-04-30,2024-08-31,4,0.899589557735987,"cdf","WNV cases"
"Los Angeles",2024-04-30,2024-09-30,4,0.570966207929814,"cdf","WNV cases"
"Los Angeles",2024-04-30,2024-10-31,4,0.989544200427606,"cdf","WNV cases"
"Los Angeles",2024-04-30,2024-11-30,4,1,"cdf","WNV cases"
"Los Angeles",2024-04-30,2024-12-31,4,1,"cdf","WNV cases"
"Merced",2024-04-30,2024-05-31,4,1,"cdf","WNV cases"
"Merced",2024-04-30,2024-06-30,4,1,"cdf","WNV cases"
"Merced",2024-04-30,2024-07-31,4,1,"cdf","WNV cases"
"Merced",2024-04-30,2024-08-31,4,0.846573590279973,"cdf","WNV cases"
"Merced",2024-04-30,2024-09-30,4,0.396426149902009,"cdf","WNV cases"
"Merced",2024-04-30,2024-10-31,4,0.846573590279973,"cdf","WNV cases"
"Merced",2024-04-30,2024-11-30,4,0.999949832494966,"cdf","WNV cases"
"Merced",2024-04-30,2024-12-31,4,1,"cdf","WNV cases"
"Orange",2024-04-30,2024-05-31,4,1,"cdf","WNV cases"
"Orange",2024-04-30,2024-06-30,4,1,"cdf","WNV cases"
"Orange",2024-04-30,2024-07-31,4,1,"cdf","WNV cases"
"Orange",2024-04-30,2024-08-31,4,0.99999999999928,"cdf","WNV cases"
"Orange",2024-04-30,2024-09-30,4,0.949965140779742,"cdf","WNV cases"
"Orange",2024-04-30,2024-10-31,4,0.999999999977947,"cdf","WNV cases"
"Orange",2024-04-30,2024-11-30,4,1,"cdf","WNV cases"
"Orange",2024-04-30,2024-12-31,4,1,"cdf","WNV cases"
"Placer",2024-04-30,2024-05-31,4,1,"cdf","WNV cases"
"Placer",2024-04-30,2024-06-30,4,1,"cdf","WNV cases"
"Placer",2024-04-30,2024-07-31,4,1,"cdf","WNV cases"
"Placer",2024-04-30,2024-08-31,4,0.978514841051368,"cdf","WNV cases"
"Placer",2024-04-30,2024-09-30,4,0.878077407477986,"cdf","WNV cases"
"Placer",2024-04-30,2024-10-31,4,1,"cdf","WNV cases"
"Placer",2024-04-30,2024-11-30,4,1,"cdf","WNV cases"
"Placer",2024-04-30,2024-12-31,4,1,"cdf","WNV cases"
"Riverside",2024-04-30,2024-05-31,4,1,"cdf","WNV cases"
"Riverside",2024-04-30,2024-06-30,4,1,"cdf","WNV cases"
"Riverside",2024-04-30,2024-07-31,4,0.999999999999997,"cdf","WNV cases"
"Riverside",2024-04-30,2024-08-31,4,0.860939418263536,"cdf","WNV cases"
"Riverside",2024-04-30,2024-09-30,4,0.999999996236708,"cdf","WNV cases"
"Riverside",2024-04-30,2024-10-31,4,0.999999996236708,"cdf","WNV cases"
"Riverside",2024-04-30,2024-11-30,4,1,"cdf","WNV cases"
"Riverside",2024-04-30,2024-12-31,4,1,"cdf","WNV cases"
"Sacramento",2024-04-30,2024-05-31,4,1,"cdf","WNV cases"
"Sacramento",2024-04-30,2024-06-30,4,1,"cdf","WNV cases"
"Sacramento",2024-04-30,2024-07-31,4,0.999999995502238,"cdf","WNV cases"
"Sacramento",2024-04-30,2024-08-31,4,0.999999999484523,"cdf","WNV cases"
"Sacramento",2024-04-30,2024-09-30,4,0.999991658205036,"cdf","WNV cases"
"Sacramento",2024-04-30,2024-10-31,4,0.99999999997392,"cdf","WNV cases"
"Sacramento",2024-04-30,2024-11-30,4,1,"cdf","WNV cases"
"Sacramento",2024-04-30,2024-12-31,4,1,"cdf","WNV cases"
"San Bernardino",2024-04-30,2024-05-31,4,1,"cdf","WNV cases"
"San Bernardino",2024-04-30,2024-06-30,4,1,"cdf","WNV cases"
"San Bernardino",2024-04-30,2024-07-31,4,0.999999999999996,"cdf","WNV cases"
"San Bernardino",2024-04-30,2024-08-31,4,0.999999945346278,"cdf","WNV cases"
"San Bernardino",2024-04-30,2024-09-30,4,0.999999945346278,"cdf","WNV cases"
"San Bernardino",2024-04-30,2024-10-31,4,0.999999945346278,"cdf","WNV cases"
"San Bernardino",2024-04-30,2024-11-30,4,1,"cdf","WNV cases"
"San Bernardino",2024-04-30,2024-12-31,4,1,"cdf","WNV cases"
"San Joaquin",2024-04-30,2024-05-31,4,1,"cdf","WNV cases"
"San Joaquin",2024-04-30,2024-06-30,4,0.999999999578284,"cdf","WNV cases"
"San Joaquin",2024-04-30,2024-07-31,4,0.998107847400262,"cdf","WNV cases"
"San Joaquin",2024-04-30,2024-08-31,4,0.994438898091934,"cdf","WNV cases"
"San Joaquin",2024-04-30,2024-09-30,4,0.994438898091934,"cdf","WNV cases"
"San Joaquin",2024-04-30,2024-10-31,4,0.999995279815392,"cdf","WNV cases"
"San Joaquin",2024-04-30,2024-11-30,4,1,"cdf","WNV cases"
"San Joaquin",2024-04-30,2024-12-31,4,1,"cdf","WNV cases"
"Solano",2024-04-30,2024-05-31,4,1,"cdf","WNV cases"
"Solano",2024-04-30,2024-06-30,4,1,"cdf","WNV cases"
"Solano",2024-04-30,2024-07-31,4,0.988141090073109,"cdf","WNV cases"
"Solano",2024-04-30,2024-08-31,4,0.949672460757113,"cdf","WNV cases"
"Solano",2024-04-30,2024-09-30,4,0.988141090073109,"cdf","WNV cases"
"Solano",2024-04-30,2024-10-31,4,1,"cdf","WNV cases"
"Solano",2024-04-30,2024-11-30,4,1,"cdf","WNV cases"
"Solano",2024-04-30,2024-12-31,4,1,"cdf","WNV cases"
"Stanislaus",2024-04-30,2024-05-31,4,1,"cdf","WNV cases"
"Stanislaus",2024-04-30,2024-06-30,4,1,"cdf","WNV cases"
"Stanislaus",2024-04-30,2024-07-31,4,0.305990183575831,"cdf","WNV cases"
"Stanislaus",2024-04-30,2024-08-31,4,0.36484871805863,"cdf","WNV cases"
"Stanislaus",2024-04-30,2024-09-30,4,0.0716590106562606,"cdf","WNV cases"
"Stanislaus",2024-04-30,2024-10-31,4,0.998432058848615,"cdf","WNV cases"
"Stanislaus",2024-04-30,2024-11-30,4,1,"cdf","WNV cases"
"Stanislaus",2024-04-30,2024-12-31,4,1,"cdf","WNV cases"
"Tulare",2024-04-30,2024-05-31,4,1,"cdf","WNV cases"
"Tulare",2024-04-30,2024-06-30,4,0.998728629668173,"cdf","WNV cases"
"Tulare",2024-04-30,2024-07-31,4,0.978514841051368,"cdf","WNV cases"
"Tulare",2024-04-30,2024-08-31,4,0.426855814205998,"cdf","WNV cases"
"Tulare",2024-04-30,2024-09-30,4,0.949672460757113,"cdf","WNV cases"
"Tulare",2024-04-30,2024-10-31,4,0.998728629668173,"cdf","WNV cases"
"Tulare",2024-04-30,2024-11-30,4,1,"cdf","WNV cases"
"Tulare",2024-04-30,2024-12-31,4,1,"cdf","WNV cases"
"Fresno",2024-04-30,2024-05-31,5,0.999999999975793,"cdf","WNV cases"
"Fresno",2024-04-30,2024-06-30,5,0.983303969023979,"cdf","WNV cases"
"Fresno",2024-04-30,2024-07-31,5,0.485230368231416,"cdf","WNV cases"
"Fresno",2024-04-30,2024-08-31,5,0.442917024659364,"cdf","WNV cases"
"Fresno",2024-04-30,2024-09-30,5,0.905626956381902,"cdf","WNV cases"
"Fresno",2024-04-30,2024-10-31,5,0.99991464055307,"cdf","WNV cases"
"Fresno",2024-04-30,2024-11-30,5,1,"cdf","WNV cases"
"Fresno",2024-04-30,2024-12-31,5,1,"cdf","WNV cases"
"Kern",2024-04-30,2024-05-31,5,0.999999997164893,"cdf","WNV cases"
"Kern",2024-04-30,2024-06-30,5,0.999810126255548,"cdf","WNV cases"
"Kern",2024-04-30,2024-07-31,5,0.118444838967496,"cdf","WNV cases"
"Kern",2024-04-30,2024-08-31,5,0.869629242547282,"cdf","WNV cases"
"Kern",2024-04-30,2024-09-30,5,0.595236685252005,"cdf","WNV cases"
"Kern",2024-04-30,2024-10-31,5,0.999999997164893,"cdf","WNV cases"
"Kern",2024-04-30,2024-11-30,5,0.999999999999153,"cdf","WNV cases"
"Kern",2024-04-30,2024-12-31,5,1,"cdf","WNV cases"
"Los Angeles",2024-04-30,2024-05-31,5,1,"cdf","WNV cases"
"Los Angeles",2024-04-30,2024-06-30,5,1,"cdf","WNV cases"
"Los Angeles",2024-04-30,2024-07-31,5,0.999066113398872,"cdf","WNV cases"
"Los Angeles",2024-04-30,2024-08-31,5,0.953680687398863,"cdf","WNV cases"
"Los Angeles",2024-04-30,2024-09-30,5,0.697841638388603,"cdf","WNV cases"
"Los Angeles",2024-04-30,2024-10-31,5,0.995313686981322,"cdf","WNV cases"
"Los Angeles",2024-04-30,2024-11-30,5,1,"cdf","WNV cases"
"Los Angeles",2024-04-30,2024-12-31,5,1,"cdf","WNV cases"
"Merced",2024-04-30,2024-05-31,5,1,"cdf","WNV cases"
"Merced",2024-04-30,2024-06-30,5,1,"cdf","WNV cases"
"Merced",2024-04-30,2024-07-31,5,1,"cdf","WNV cases"
"Merced",2024-04-30,2024-08-31,5,0.846573590279973,"cdf","WNV cases"
"Merced",2024-04-30,2024-09-30,5,0.445188863282056,"cdf","WNV cases"
"Merced",2024-04-30,2024-10-31,5,0.846573590279973,"cdf","WNV cases"
"Merced",2024-04-30,2024-11-30,5,0.999949832494966,"cdf","WNV cases"
"Merced",2024-04-30,2024-12-31,5,1,"cdf","WNV cases"
"Orange",2024-04-30,2024-05-31,5,1,"cdf","WNV cases"
"Orange",2024-04-30,2024-06-30,5,1,"cdf","WNV cases"
"Orange",2024-04-30,2024-07-31,5,1,"cdf","WNV cases"
"Orange",2024-04-30,2024-08-31,5,1,"cdf","WNV cases"
"Orange",2024-04-30,2024-09-30,5,0.970110526798588,"cdf","WNV cases"
"Orange",2024-04-30,2024-10-31,5,0.999999999999995,"cdf","WNV cases"
"Orange",2024-04-30,2024-11-30,5,1,"cdf","WNV cases"
"Orange",2024-04-30,2024-12-31,5,1,"cdf","WNV cases"
"Placer",2024-04-30,2024-05-31,5,1,"cdf","WNV cases"
"Placer",2024-04-30,2024-06-30,5,1,"cdf","WNV cases"
"Placer",2024-04-30,2024-07-31,5,1,"cdf","WNV cases"
"Placer",2024-04-30,2024-08-31,5,0.998432058848615,"cdf","WNV cases"
"Placer",2024-04-30,2024-09-30,5,0.900704937246068,"cdf","WNV cases"
"Placer",2024-04-30,2024-10-31,5,1,"cdf","WNV cases"
"Placer",2024-04-30,2024-11-30,5,1,"cdf","WNV cases"
"Placer",2024-04-30,2024-12-31,5,1,"cdf","WNV cases"
"Riverside",2024-04-30,2024-05-31,5,1,"cdf","WNV cases"
"Riverside",2024-04-30,2024-06-30,5,1,"cdf","WNV cases"
"Riverside",2024-04-30,2024-07-31,5,1,"cdf","WNV cases"
"Riverside",2024-04-30,2024-08-31,5,0.899247512126847,"cdf","WNV cases"
"Riverside",2024-04-30,2024-09-30,5,0.99999999999928,"cdf","WNV cases"
"Riverside",2024-04-30,2024-10-31,5,0.99999999999928,"cdf","WNV cases"
"Riverside",2024-04-30,2024-11-30,5,1,"cdf","WNV cases"
"Riverside",2024-04-30,2024-12-31,5,1,"cdf","WNV cases"
"Sacramento",2024-04-30,2024-05-31,5,1,"cdf","WNV cases"
"Sacramento",2024-04-30,2024-06-30,5,1,"cdf","WNV cases"
"Sacramento",2024-04-30,2024-07-31,5,0.99999999987494,"cdf","WNV cases"
"Sacramento",2024-04-30,2024-08-31,5,0.999999999989552,"cdf","WNV cases"
"Sacramento",2024-04-30,2024-09-30,5,0.999999284571938,"cdf","WNV cases"
"Sacramento",2024-04-30,2024-10-31,5,0.999999999999657,"cdf","WNV cases"
"Sacramento",2024-04-30,2024-11-30,5,1,"cdf","WNV cases"
"Sacramento",2024-04-30,2024-12-31,5,1,"cdf","WNV cases"
"San Bernardino",2024-04-30,2024-05-31,5,1,"cdf","WNV cases"
"San Bernardino",2024-04-30,2024-06-30,5,1,"cdf","WNV cases"
"San Bernardino",2024-04-30,2024-07-31,5,1,"cdf","WNV cases"
"San Bernardino",2024-04-30,2024-08-31,5,0.999999999764164,"cdf","WNV cases"
"San Bernardino",2024-04-30,2024-09-30,5,0.999999999764164,"cdf","WNV cases"
"San Bernardino",2024-04-30,2024-10-31,5,0.999999999764164,"cdf","WNV cases"
"San Bernardino",2024-04-30,2024-11-30,5,1,"cdf","WNV cases"
"San Bernardino",2024-04-30,2024-12-31,5,1,"cdf","WNV cases"
"San Joaquin",2024-04-30,2024-05-31,5,1,"cdf","WNV cases"
"San Joaquin",2024-04-30,2024-06-30,5,0.999999999999153,"cdf","WNV cases"
"San Joaquin",2024-04-30,2024-07-31,5,0.999810126255548,"cdf","WNV cases"
"San Joaquin",2024-04-30,2024-08-31,5,0.999247962645748,"cdf","WNV cases"
"San Joaquin",2024-04-30,2024-09-30,5,0.999247962645748,"cdf","WNV cases"
"San Joaquin",2024-04-30,2024-10-31,5,0.99999990088827,"cdf","WNV cases"
"San Joaquin",2024-04-30,2024-11-30,5,1,"cdf","WNV cases"
"San Joaquin",2024-04-30,2024-12-31,5,1,"cdf","WNV cases"
"Solano",2024-04-30,2024-05-31,5,1,"cdf","WNV cases"
"Solano",2024-04-30,2024-06-30,5,1,"cdf","WNV cases"
"Solano",2024-04-30,2024-07-31,5,0.999366361112277,"cdf","WNV cases"
"Solano",2024-04-30,2024-08-31,5,0.994198416228907,"cdf","WNV cases"
"Solano",2024-04-30,2024-09-30,5,0.999366361112277,"cdf","WNV cases"
"Solano",2024-04-30,2024-10-31,5,1,"cdf","WNV cases"
"Solano",2024-04-30,2024-11-30,5,1,"cdf","WNV cases"
"Solano",2024-04-30,2024-12-31,5,1,"cdf","WNV cases"
"Stanislaus",2024-04-30,2024-05-31,5,1,"cdf","WNV cases"
"Stanislaus",2024-04-30,2024-06-30,5,1,"cdf","WNV cases"
"Stanislaus",2024-04-30,2024-07-31,5,0.385070145658749,"cdf","WNV cases"
"Stanislaus",2024-04-30,2024-08-31,5,0.450640101450462,"cdf","WNV cases"
"Stanislaus",2024-04-30,2024-09-30,5,0.116155872234607,"cdf","WNV cases"
"Stanislaus",2024-04-30,2024-10-31,5,0.998432058848615,"cdf","WNV cases"
"Stanislaus",2024-04-30,2024-11-30,5,1,"cdf","WNV cases"
"Stanislaus",2024-04-30,2024-12-31,5,1,"cdf","WNV cases"
"Tulare",2024-04-30,2024-05-31,5,1,"cdf","WNV cases"
"Tulare",2024-04-30,2024-06-30,5,0.999978355641509,"cdf","WNV cases"
"Tulare",2024-04-30,2024-07-31,5,0.998432058848615,"cdf","WNV cases"
"Tulare",2024-04-30,2024-08-31,5,0.53894874703333,"cdf","WNV cases"
"Tulare",2024-04-30,2024-09-30,5,0.994198416228907,"cdf","WNV cases"
"Tulare",2024-04-30,2024-10-31,5,0.999978355641509,"cdf","WNV cases"
"Tulare",2024-04-30,2024-11-30,5,1,"cdf","WNV cases"
"Tulare",2024-04-30,2024-12-31,5,1,"cdf","WNV cases"
"Fresno",2024-04-30,2024-05-31,6,0.999999999999823,"cdf","WNV cases"
"Fresno",2024-04-30,2024-06-30,6,0.988753396825203,"cdf","WNV cases"
"Fresno",2024-04-30,2024-07-31,6,0.649813477027413,"cdf","WNV cases"
"Fresno",2024-04-30,2024-08-31,6,0.595158148050204,"cdf","WNV cases"
"Fresno",2024-04-30,2024-09-30,6,0.945639497835768,"cdf","WNV cases"
"Fresno",2024-04-30,2024-10-31,6,0.999991658205036,"cdf","WNV cases"
"Fresno",2024-04-30,2024-11-30,6,1,"cdf","WNV cases"
"Fresno",2024-04-30,2024-12-31,6,1,"cdf","WNV cases"
"Kern",2024-04-30,2024-05-31,6,0.999999999975793,"cdf","WNV cases"
"Kern",2024-04-30,2024-06-30,6,0.999984039787164,"cdf","WNV cases"
"Kern",2024-04-30,2024-07-31,6,0.156302626048848,"cdf","WNV cases"
"Kern",2024-04-30,2024-08-31,6,0.912828627096086,"cdf","WNV cases"
"Kern",2024-04-30,2024-09-30,6,0.702056601027854,"cdf","WNV cases"
"Kern",2024-04-30,2024-10-31,6,0.999999999975793,"cdf","WNV cases"
"Kern",2024-04-30,2024-11-30,6,0.999999999999999,"cdf","WNV cases"
"Kern",2024-04-30,2024-12-31,6,1,"cdf","WNV cases"
"Los Angeles",2024-04-30,2024-05-31,6,1,"cdf","WNV cases"
"Los Angeles",2024-04-30,2024-06-30,6,1,"cdf","WNV cases"
"Los Angeles",2024-04-30,2024-07-31,6,0.99960764055484,"cdf","WNV cases"
"Los Angeles",2024-04-30,2024-08-31,6,0.977913975603091,"cdf","WNV cases"
"Los Angeles",2024-04-30,2024-09-30,6,0.786988568187093,"cdf","WNV cases"
"Los Angeles",2024-04-30,2024-10-31,6,0.997712119957731,"cdf","WNV cases"
"Los Angeles",2024-04-30,2024-11-30,6,1,"cdf","WNV cases"
"Los Angeles",2024-04-30,2024-12-31,6,1,"cdf","WNV cases"
"Merced",2024-04-30,2024-05-31,6,1,"cdf","WNV cases"
"Merced",2024-04-30,2024-06-30,6,1,"cdf","WNV cases"
"Merced",2024-04-30,2024-07-31,6,1,"cdf","WNV cases"
"Merced",2024-04-30,2024-08-31,6,0.846573590279973,"cdf","WNV cases"
"Merced",2024-04-30,2024-09-30,6,0.494151695291927,"cdf","WNV cases"
"Merced",2024-04-30,2024-10-31,6,0.846573590279973,"cdf","WNV cases"
"Merced",2024-04-30,2024-11-30,6,0.999949832494966,"cdf","WNV cases"
"Merced",2024-04-30,2024-12-31,6,1,"cdf","WNV cases"
"Orange",2024-04-30,2024-05-31,6,1,"cdf","WNV cases"
"Orange",2024-04-30,2024-06-30,6,1,"cdf","WNV cases"
"Orange",2024-04-30,2024-07-31,6,1,"cdf","WNV cases"
"Orange",2024-04-30,2024-08-31,6,1,"cdf","WNV cases"
"Orange",2024-04-30,2024-09-30,6,0.981146945657977,"cdf","WNV cases"
"Orange",2024-04-30,2024-10-31,6,1,"cdf","WNV cases"
"Orange",2024-04-30,2024-11-30,6,1,"cdf","WNV cases"
"Orange",2024-04-30,2024-12-31,6,1,"cdf","WNV cases"
"Placer",2024-04-30,2024-05-31,6,1,"cdf","WNV cases"
"Placer",2024-04-30,2024-06-30,6,1,"cdf","WNV cases"
"Placer",2024-04-30,2024-07-31,6,1,"cdf","WNV cases"
"Placer",2024-04-30,2024-08-31,6,0.998432058848615,"cdf","WNV cases"
"Placer",2024-04-30,2024-09-30,6,0.916941137066184,"cdf","WNV cases"
"Placer",2024-04-30,2024-10-31,6,1,"cdf","WNV cases"
"Placer",2024-04-30,2024-11-30,6,1,"cdf","WNV cases"
"Placer",2024-04-30,2024-12-31,6,1,"cdf","WNV cases"
"Riverside",2024-04-30,2024-05-31,6,1,"cdf","WNV cases"
"Riverside",2024-04-30,2024-06-30,6,1,"cdf","WNV cases"
"Riverside",2024-04-30,2024-07-31,6,1,"cdf","WNV cases"
"Riverside",2024-04-30,2024-08-31,6,0.92462211039089,"cdf","WNV cases"
"Riverside",2024-04-30,2024-09-30,6,0.999999999999998,"cdf","WNV cases"
"Riverside",2024-04-30,2024-10-31,6,0.999999999999998,"cdf","WNV cases"
"Riverside",2024-04-30,2024-11-30,6,1,"cdf","WNV cases"
"Riverside",2024-04-30,2024-12-31,6,1,"cdf","WNV cases"
"Sacramento",2024-04-30,2024-05-31,6,1,"cdf","WNV cases"
"Sacramento",2024-04-30,2024-06-30,6,1,"cdf","WNV cases"
"Sacramento",2024-04-30,2024-07-31,6,0.999999999999931,"cdf","WNV cases"
"Sacramento",2024-04-30,2024-08-31,6,0.999999999999997,"cdf","WNV cases"
"Sacramento",2024-04-30,2024-09-30,6,0.999999996236708,"cdf","WNV cases"
"Sacramento",2024-04-30,2024-10-31,6,1,"cdf","WNV cases"
"Sacramento",2024-04-30,2024-11-30,6,1,"cdf","WNV cases"
"Sacramento",2024-04-30,2024-12-31,6,1,"cdf","WNV cases"
"San Bernardino",2024-04-30,2024-05-31,6,1,"cdf","WNV cases"
"San Bernardino",2024-04-30,2024-06-30,6,1,"cdf","WNV cases"
"San Bernardino",2024-04-30,2024-07-31,6,1,"cdf","WNV cases"
"San Bernardino",2024-04-30,2024-08-31,6,0.999999999999964,"cdf","WNV cases"
"San Bernardino",2024-04-30,2024-09-30,6,0.999999999999964,"cdf","WNV cases"
"San Bernardino",2024-04-30,2024-10-31,6,0.999999999999964,"cdf","WNV cases"
"San Bernardino",2024-04-30,2024-11-30,6,1,"cdf","WNV cases"
"San Bernardino",2024-04-30,2024-12-31,6,1,"cdf","WNV cases"
"San Joaquin",2024-04-30,2024-05-31,6,1,"cdf","WNV cases"
"San Joaquin",2024-04-30,2024-06-30,6,0.999999999999153,"cdf","WNV cases"
"San Joaquin",2024-04-30,2024-07-31,6,0.999810126255548,"cdf","WNV cases"
"San Joaquin",2024-04-30,2024-08-31,6,0.999247962645748,"cdf","WNV cases"
"San Joaquin",2024-04-30,2024-09-30,6,0.999247962645748,"cdf","WNV cases"
"San Joaquin",2024-04-30,2024-10-31,6,0.99999990088827,"cdf","WNV cases"
"San Joaquin",2024-04-30,2024-11-30,6,1,"cdf","WNV cases"
"San Joaquin",2024-04-30,2024-12-31,6,1,"cdf","WNV cases"
"Solano",2024-04-30,2024-05-31,6,1,"cdf","WNV cases"
"Solano",2024-04-30,2024-06-30,6,1,"cdf","WNV cases"
"Solano",2024-04-30,2024-07-31,6,0.999366361112277,"cdf","WNV cases"
"Solano",2024-04-30,2024-08-31,6,0.994198416228907,"cdf","WNV cases"
"Solano",2024-04-30,2024-09-30,6,0.999366361112277,"cdf","WNV cases"
"Solano",2024-04-30,2024-10-31,6,1,"cdf","WNV cases"
"Solano",2024-04-30,2024-11-30,6,1,"cdf","WNV cases"
"Solano",2024-04-30,2024-12-31,6,1,"cdf","WNV cases"
"Stanislaus",2024-04-30,2024-05-31,6,1,"cdf","WNV cases"
"Stanislaus",2024-04-30,2024-06-30,6,1,"cdf","WNV cases"
"Stanislaus",2024-04-30,2024-07-31,6,0.468698130097985,"cdf","WNV cases"
"Stanislaus",2024-04-30,2024-08-31,6,0.524016182177286,"cdf","WNV cases"
"Stanislaus",2024-04-30,2024-09-30,6,0.188833375189646,"cdf","WNV cases"
"Stanislaus",2024-04-30,2024-10-31,6,0.999913525085807,"cdf","WNV cases"
"Stanislaus",2024-04-30,2024-11-30,6,1,"cdf","WNV cases"
"Stanislaus",2024-04-30,2024-12-31,6,1,"cdf","WNV cases"
"Tulare",2024-04-30,2024-05-31,6,1,"cdf","WNV cases"
"Tulare",2024-04-30,2024-06-30,6,0.999978355641509,"cdf","WNV cases"
"Tulare",2024-04-30,2024-07-31,6,0.998432058848615,"cdf","WNV cases"
"Tulare",2024-04-30,2024-08-31,6,0.631867765967511,"cdf","WNV cases"
"Tulare",2024-04-30,2024-09-30,6,0.994198416228907,"cdf","WNV cases"
"Tulare",2024-04-30,2024-10-31,6,0.999978355641509,"cdf","WNV cases"
"Tulare",2024-04-30,2024-11-30,6,1,"cdf","WNV cases"
"Tulare",2024-04-30,2024-12-31,6,1,"cdf","WNV cases"
"Fresno",2024-04-30,2024-05-31,8,1,"cdf","WNV cases"
"Fresno",2024-04-30,2024-06-30,8,0.994236370084879,"cdf","WNV cases"
"Fresno",2024-04-30,2024-07-31,8,0.853802224256343,"cdf","WNV cases"
"Fresno",2024-04-30,2024-08-31,8,0.802308102007916,"cdf","WNV cases"
"Fresno",2024-04-30,2024-09-30,8,0.980362607989922,"cdf","WNV cases"
"Fresno",2024-04-30,2024-10-31,8,0.999999945346278,"cdf","WNV cases"
"Fresno",2024-04-30,2024-11-30,8,1,"cdf","WNV cases"
"Fresno",2024-04-30,2024-12-31,8,1,"cdf","WNV cases"
"Kern",2024-04-30,2024-05-31,8,0.999999999999999,"cdf","WNV cases"
"Kern",2024-04-30,2024-06-30,8,0.999999926880137,"cdf","WNV cases"
"Kern",2024-04-30,2024-07-31,8,0.309721724856915,"cdf","WNV cases"
"Kern",2024-04-30,2024-08-31,8,0.958777063170583,"cdf","WNV cases"
"Kern",2024-04-30,2024-09-30,8,0.84079391580102,"cdf","WNV cases"
"Kern",2024-04-30,2024-10-31,8,0.999999999999999,"cdf","WNV cases"
"Kern",2024-04-30,2024-11-30,8,1,"cdf","WNV cases"
"Kern",2024-04-30,2024-12-31,8,1,"cdf","WNV cases"
"Los Angeles",2024-04-30,2024-05-31,8,1,"cdf","WNV cases"
"Los Angeles",2024-04-30,2024-06-30,8,1,"cdf","WNV cases"
"Los Angeles",2024-04-30,2024-07-31,8,0.999911347542186,"cdf","WNV cases"
"Los Angeles",2024-04-30,2024-08-31,8,0.994407948512425,"cdf","WNV cases"
"Los Angeles",2024-04-30,2024-09-30,8,0.891581187148813,"cdf","WNV cases"
"Los Angeles",2024-04-30,2024-10-31,8,0.999341275138829,"cdf","WNV cases"
"Los Angeles",2024-04-30,2024-11-30,8,1,"cdf","WNV cases"
"Los Angeles",2024-04-30,2024-12-31,8,1,"cdf","WNV cases"
"Merced",2024-04-30,2024-05-31,8,1,"cdf","WNV cases"
"Merced",2024-04-30,2024-06-30,8,1,"cdf","WNV cases"
"Merced",2024-04-30,2024-07-31,8,1,"cdf","WNV cases"
"Merced",2024-04-30,2024-08-31,8,0.966686843759523,"cdf","WNV cases"
"Merced",2024-04-30,2024-09-30,8,0.584671880023617,"cdf","WNV cases"
"Merced",2024-04-30,2024-10-31,8,0.966686843759523,"cdf","WNV cases"
"Merced",2024-04-30,2024-11-30,8,0.999999832074097,"cdf","WNV cases"
"Merced",2024-04-30,2024-12-31,8,1,"cdf","WNV cases"
"Orange",2024-04-30,2024-05-31,8,1,"cdf","WNV cases"
"Orange",2024-04-30,2024-06-30,8,1,"cdf","WNV cases"
"Orange",2024-04-30,2024-07-31,8,1,"cdf","WNV cases"
"Orange",2024-04-30,2024-08-31,8,1,"cdf","WNV cases"
"Orange",2024-04-30,2024-09-30,8,0.991540923040205,"cdf","WNV cases"
"Orange",2024-04-30,2024-10-31,8,1,"cdf","WNV cases"
"Orange",2024-04-30,2024-11-30,8,1,"cdf","WNV cases"
"Orange",2024-04-30,2024-12-31,8,1,"cdf","WNV cases"
"Placer",2024-04-30,2024-05-31,8,1,"cdf","WNV cases"
"Placer",2024-04-30,2024-06-30,8,1,"cdf","WNV cases"
"Placer",2024-04-30,2024-07-31,8,1,"cdf","WNV cases"
"Placer",2024-04-30,2024-08-31,8,0.999913525085807,"cdf","WNV cases"
"Placer",2024-04-30,2024-09-30,8,0.938583014155088,"cdf","WNV cases"
"Placer",2024-04-30,2024-10-31,8,1,"cdf","WNV cases"
"Placer",2024-04-30,2024-11-30,8,1,"cdf","WNV cases"
"Placer",2024-04-30,2024-12-31,8,1,"cdf","WNV cases"
"Riverside",2024-04-30,2024-05-31,8,1,"cdf","WNV cases"
"Riverside",2024-04-30,2024-06-30,8,1,"cdf","WNV cases"
"Riverside",2024-04-30,2024-07-31,8,1,"cdf","WNV cases"
"Riverside",2024-04-30,2024-08-31,8,0.954659161314039,"cdf","WNV cases"
"Riverside",2024-04-30,2024-09-30,8,1,"cdf","WNV cases"
"Riverside",2024-04-30,2024-10-31,8,1,"cdf","WNV cases"
"Riverside",2024-04-30,2024-11-30,8,1,"cdf","WNV cases"
"Riverside",2024-04-30,2024-12-31,8,1,"cdf","WNV cases"
"Sacramento",2024-04-30,2024-05-31,8,1,"cdf","WNV cases"
"Sacramento",2024-04-30,2024-06-30,8,1,"cdf","WNV cases"
"Sacramento",2024-04-30,2024-07-31,8,1,"cdf","WNV cases"
"Sacramento",2024-04-30,2024-08-31,8,1,"cdf","WNV cases"
"Sacramento",2024-04-30,2024-09-30,8,0.99999999999928,"cdf","WNV cases"
"Sacramento",2024-04-30,2024-10-31,8,1,"cdf","WNV cases"
"Sacramento",2024-04-30,2024-11-30,8,1,"cdf","WNV cases"
"Sacramento",2024-04-30,2024-12-31,8,1,"cdf","WNV cases"
"San Bernardino",2024-04-30,2024-05-31,8,1,"cdf","WNV cases"
"San Bernardino",2024-04-30,2024-06-30,8,1,"cdf","WNV cases"
"San Bernardino",2024-04-30,2024-07-31,8,1,"cdf","WNV cases"
"San Bernardino",2024-04-30,2024-08-31,8,1,"cdf","WNV cases"
"San Bernardino",2024-04-30,2024-09-30,8,1,"cdf","WNV cases"
"San Bernardino",2024-04-30,2024-10-31,8,1,"cdf","WNV cases"
"San Bernardino",2024-04-30,2024-11-30,8,1,"cdf","WNV cases"
"San Bernardino",2024-04-30,2024-12-31,8,1,"cdf","WNV cases"
"San Joaquin",2024-04-30,2024-05-31,8,1,"cdf","WNV cases"
"San Joaquin",2024-04-30,2024-06-30,8,1,"cdf","WNV cases"
"San Joaquin",2024-04-30,2024-07-31,8,0.999998846368542,"cdf","WNV cases"
"San Joaquin",2024-04-30,2024-08-31,8,0.999991658205036,"cdf","WNV cases"
"San Joaquin",2024-04-30,2024-09-30,8,0.999991658205036,"cdf","WNV cases"
"San Joaquin",2024-04-30,2024-10-31,8,0.99999999997392,"cdf","WNV cases"
"San Joaquin",2024-04-30,2024-11-30,8,1,"cdf","WNV cases"
"San Joaquin",2024-04-30,2024-12-31,8,1,"cdf","WNV cases"
"Solano",2024-04-30,2024-05-31,8,1,"cdf","WNV cases"
"Solano",2024-04-30,2024-06-30,8,1,"cdf","WNV cases"
"Solano",2024-04-30,2024-07-31,8,0.99997446745648,"cdf","WNV cases"
"Solano",2024-04-30,2024-08-31,8,0.999492180452814,"cdf","WNV cases"
"Solano",2024-04-30,2024-09-30,8,0.99997446745648,"cdf","WNV cases"
"Solano",2024-04-30,2024-10-31,8,1,"cdf","WNV cases"
"Solano",2024-04-30,2024-11-30,8,1,"cdf","WNV cases"
"Solano",2024-04-30,2024-12-31,8,1,"cdf","WNV cases"
"Stanislaus",2024-04-30,2024-05-31,8,1,"cdf","WNV cases"
"Stanislaus",2024-04-30,2024-06-30,8,1,"cdf","WNV cases"
"Stanislaus",2024-04-30,2024-07-31,8,0.621203663311067,"cdf","WNV cases"
"Stanislaus",2024-04-30,2024-08-31,8,0.638792306187896,"cdf","WNV cases"
"Stanislaus",2024-04-30,2024-09-30,8,0.38368379049348,"cdf","WNV cases"
"Stanislaus",2024-04-30,2024-10-31,8,0.999996169995137,"cdf","WNV cases"
"Stanislaus",2024-04-30,2024-11-30,8,1,"cdf","WNV cases"
"Stanislaus",2024-04-30,2024-12-31,8,1,"cdf","WNV cases"
"Tulare",2024-04-30,2024-05-31,8,1,"cdf","WNV cases"
"Tulare",2024-04-30,2024-06-30,8,0.99999972316226,"cdf","WNV cases"
"Tulare",2024-04-30,2024-07-31,8,0.999913525085807,"cdf","WNV cases"
"Tulare",2024-04-30,2024-08-31,8,0.76547665137947,"cdf","WNV cases"
"Tulare",2024-04-30,2024-09-30,8,0.999492180452814,"cdf","WNV cases"
"Tulare",2024-04-30,2024-10-31,8,0.99999972316226,"cdf","WNV cases"
"Tulare",2024-04-30,2024-11-30,8,1,"cdf","WNV cases"
"Tulare",2024-04-30,2024-12-31,8,1,"cdf","WNV cases"
"Fresno",2024-04-30,2024-05-31,10,1,"cdf","WNV cases"
"Fresno",2024-04-30,2024-06-30,10,0.996697585457807,"cdf","WNV cases"
"Fresno",2024-04-30,2024-07-31,10,0.942035335003857,"cdf","WNV cases"
"Fresno",2024-04-30,2024-08-31,10,0.907148783760904,"cdf","WNV cases"
"Fresno",2024-04-30,2024-09-30,10,0.992157866016716,"cdf","WNV cases"
"Fresno",2024-04-30,2024-10-31,10,0.999999999764164,"cdf","WNV cases"
"Fresno",2024-04-30,2024-11-30,10,1,"cdf","WNV cases"
"Fresno",2024-04-30,2024-12-31,10,1,"cdf","WNV cases"
"Kern",2024-04-30,2024-05-31,10,1,"cdf","WNV cases"
"Kern",2024-04-30,2024-06-30,10,0.99999999979026,"cdf","WNV cases"
"Kern",2024-04-30,2024-07-31,10,0.512464334522185,"cdf","WNV cases"
"Kern",2024-04-30,2024-08-31,10,0.979122249851102,"cdf","WNV cases"
"Kern",2024-04-30,2024-09-30,10,0.914033746646668,"cdf","WNV cases"
"Kern",2024-04-30,2024-10-31,10,1,"cdf","WNV cases"
"Kern",2024-04-30,2024-11-30,10,1,"cdf","WNV cases"
"Kern",2024-04-30,2024-12-31,10,1,"cdf","WNV cases"
"Los Angeles",2024-04-30,2024-05-31,10,1,"cdf","WNV cases"
"Los Angeles",2024-04-30,2024-06-30,10,1,"cdf","WNV cases"
"Los Angeles",2024-04-30,2024-07-31,10,0.999974727034343,"cdf","WNV cases"
"Los Angeles",2024-04-30,2024-08-31,10,0.998385783768359,"cdf","WNV cases"
"Los Angeles",2024-04-30,2024-09-30,10,0.942464584088366,"cdf","WNV cases"
"Los Angeles",2024-04-30,2024-10-31,10,0.999772392168614,"cdf","WNV cases"
"Los Angeles",2024-04-30,2024-11-30,10,1,"cdf","WNV cases"
"Los Angeles",2024-04-30,2024-12-31,10,1,"cdf","WNV cases"
"Merced",2024-04-30,2024-05-31,10,1,"cdf","WNV cases"
"Merced",2024-04-30,2024-06-30,10,1,"cdf","WNV cases"
"Merced",2024-04-30,2024-07-31,10,1,"cdf","WNV cases"
"Merced",2024-04-30,2024-08-31,10,0.966686843759523,"cdf","WNV cases"
"Merced",2024-04-30,2024-09-30,10,0.660870546105698,"cdf","WNV cases"
"Merced",2024-04-30,2024-10-31,10,0.966686843759523,"cdf","WNV cases"
"Merced",2024-04-30,2024-11-30,10,0.999999832074097,"cdf","WNV cases"
"Merced",2024-04-30,2024-12-31,10,1,"cdf","WNV cases"
"Orange",2024-04-30,2024-05-31,10,1,"cdf","WNV cases"
"Orange",2024-04-30,2024-06-30,10,1,"cdf","WNV cases"
"Orange",2024-04-30,2024-07-31,10,1,"cdf","WNV cases"
"Orange",2024-04-30,2024-08-31,10,1,"cdf","WNV cases"
"Orange",2024-04-30,2024-09-30,10,0.995736936248301,"cdf","WNV cases"
"Orange",2024-04-30,2024-10-31,10,1,"cdf","WNV cases"
"Orange",2024-04-30,2024-11-30,10,1,"cdf","WNV cases"
"Orange",2024-04-30,2024-12-31,10,1,"cdf","WNV cases"
"Placer",2024-04-30,2024-05-31,10,1,"cdf","WNV cases"
"Placer",2024-04-30,2024-06-30,10,1,"cdf","WNV cases"
"Placer",2024-04-30,2024-07-31,10,1,"cdf","WNV cases"
"Placer",2024-04-30,2024-08-31,10,0.999996169995137,"cdf","WNV cases"
"Placer",2024-04-30,2024-09-30,10,0.952235253826012,"cdf","WNV cases"
"Placer",2024-04-30,2024-10-31,10,1,"cdf","WNV cases"
"Placer",2024-04-30,2024-11-30,10,1,"cdf","WNV cases"
"Placer",2024-04-30,2024-12-31,10,1,"cdf","WNV cases"
"Riverside",2024-04-30,2024-05-31,10,1,"cdf","WNV cases"
"Riverside",2024-04-30,2024-06-30,10,1,"cdf","WNV cases"
"Riverside",2024-04-30,2024-07-31,10,1,"cdf","WNV cases"
"Riverside",2024-04-30,2024-08-31,10,0.970734768724145,"cdf","WNV cases"
"Riverside",2024-04-30,2024-09-30,10,1,"cdf","WNV cases"
"Riverside",2024-04-30,2024-10-31,10,1,"cdf","WNV cases"
"Riverside",2024-04-30,2024-11-30,10,1,"cdf","WNV cases"
"Riverside",2024-04-30,2024-12-31,10,1,"cdf","WNV cases"
"Sacramento",2024-04-30,2024-05-31,10,1,"cdf","WNV cases"
"Sacramento",2024-04-30,2024-06-30,10,1,"cdf","WNV cases"
"Sacramento",2024-04-30,2024-07-31,10,1,"cdf","WNV cases"
"Sacramento",2024-04-30,2024-08-31,10,1,"cdf","WNV cases"
"Sacramento",2024-04-30,2024-09-30,10,1,"cdf","WNV cases"
"Sacramento",2024-04-30,2024-10-31,10,1,"cdf","WNV cases"
"Sacramento",2024-04-30,2024-11-30,10,1,"cdf","WNV cases"
"Sacramento",2024-04-30,2024-12-31,10,1,"cdf","WNV cases"
"San Bernardino",2024-04-30,2024-05-31,10,1,"cdf","WNV cases"
"San Bernardino",2024-04-30,2024-06-30,10,1,"cdf","WNV cases"
"San Bernardino",2024-04-30,2024-07-31,10,1,"cdf","WNV cases"
"San Bernardino",2024-04-30,2024-08-31,10,1,"cdf","WNV cases"
"San Bernardino",2024-04-30,2024-09-30,10,1,"cdf","WNV cases"
"San Bernardino",2024-04-30,2024-10-31,10,1,"cdf","WNV cases"
"San Bernardino",2024-04-30,2024-11-30,10,1,"cdf","WNV cases"
"San Bernardino",2024-04-30,2024-12-31,10,1,"cdf","WNV cases"
"San Joaquin",2024-04-30,2024-05-31,10,1,"cdf","WNV cases"
"San Joaquin",2024-04-30,2024-06-30,10,1,"cdf","WNV cases"
"San Joaquin",2024-04-30,2024-07-31,10,0.999999995874263,"cdf","WNV cases"
"San Joaquin",2024-04-30,2024-08-31,10,0.999999945346278,"cdf","WNV cases"
"San Joaquin",2024-04-30,2024-09-30,10,0.999999945346278,"cdf","WNV cases"
"San Joaquin",2024-04-30,2024-10-31,10,0.999999999999996,"cdf","WNV cases"
"San Joaquin",2024-04-30,2024-11-30,10,1,"cdf","WNV cases"
"San Joaquin",2024-04-30,2024-12-31,10,1,"cdf","WNV cases"
"Solano",2024-04-30,2024-05-31,10,1,"cdf","WNV cases"
"Solano",2024-04-30,2024-06-30,10,1,"cdf","WNV cases"
"Solano",2024-04-30,2024-07-31,10,0.9999991746545,"cdf","WNV cases"
"Solano",2024-04-30,2024-08-31,10,0.999964218717261,"cdf","WNV cases"
"Solano",2024-04-30,2024-09-30,10,0.9999991746545,"cdf","WNV cases"
"Solano",2024-04-30,2024-10-31,10,1,"cdf","WNV cases"
"Solano",2024-04-30,2024-11-30,10,1,"cdf","WNV cases"
"Solano",2024-04-30,2024-12-31,10,1,"cdf","WNV cases"
"Stanislaus",2024-04-30,2024-05-31,10,1,"cdf","WNV cases"
"Stanislaus",2024-04-30,2024-06-30,10,1,"cdf","WNV cases"
"Stanislaus",2024-04-30,2024-07-31,10,0.737976533648006,"cdf","WNV cases"
"Stanislaus",2024-04-30,2024-08-31,10,0.721252037553318,"cdf","WNV cases"
"Stanislaus",2024-04-30,2024-09-30,10,0.577377446623283,"cdf","WNV cases"
"Stanislaus",2024-04-30,2024-10-31,10,0.99999985833085,"cdf","WNV cases"
"Stanislaus",2024-04-30,2024-11-30,10,1,"cdf","WNV cases"
"Stanislaus",2024-04-30,2024-12-31,10,1,"cdf","WNV cases"
"Tulare",2024-04-30,2024-05-31,10,1,"cdf","WNV cases"
"Tulare",2024-04-30,2024-06-30,10,0.999999997164893,"cdf","WNV cases"
"Tulare",2024-04-30,2024-07-31,10,0.999996169995137,"cdf","WNV cases"
"Tulare",2024-04-30,2024-08-31,10,0.848497094225023,"cdf","WNV cases"
"Tulare",2024-04-30,2024-09-30,10,0.999964218717261,"cdf","WNV cases"
"Tulare",2024-04-30,2024-10-31,10,0.999999997164893,"cdf","WNV cases"
"Tulare",2024-04-30,2024-11-30,10,1,"cdf","WNV cases"
"Tulare",2024-04-30,2024-12-31,10,1,"cdf","WNV cases"
"Fresno",2024-04-30,2024-05-31,15,1,"cdf","WNV cases"
"Fresno",2024-04-30,2024-06-30,15,0.998899371050624,"cdf","WNV cases"
"Fresno",2024-04-30,2024-07-31,15,0.994074833606978,"cdf","WNV cases"
"Fresno",2024-04-30,2024-08-31,15,0.985552755596563,"cdf","WNV cases"
"Fresno",2024-04-30,2024-09-30,15,0.998897929898622,"cdf","WNV cases"
"Fresno",2024-04-30,2024-10-31,15,1,"cdf","WNV cases"
"Fresno",2024-04-30,2024-11-30,15,1,"cdf","WNV cases"
"Fresno",2024-04-30,2024-12-31,15,1,"cdf","WNV cases"
"Kern",2024-04-30,2024-05-31,15,1,"cdf","WNV cases"
"Kern",2024-04-30,2024-06-30,15,0.999999999999999,"cdf","WNV cases"
"Kern",2024-04-30,2024-07-31,15,0.863530944446565,"cdf","WNV cases"
"Kern",2024-04-30,2024-08-31,15,0.995182843221859,"cdf","WNV cases"
"Kern",2024-04-30,2024-09-30,15,0.979450643028242,"cdf","WNV cases"
"Kern",2024-04-30,2024-10-31,15,1,"cdf","WNV cases"
"Kern",2024-04-30,2024-11-30,15,1,"cdf","WNV cases"
"Kern",2024-04-30,2024-12-31,15,1,"cdf","WNV cases"
"Los Angeles",2024-04-30,2024-05-31,15,1,"cdf","WNV cases"
"Los Angeles",2024-04-30,2024-06-30,15,1,"cdf","WNV cases"
"Los Angeles",2024-04-30,2024-07-31,15,0.999997943274546,"cdf","WNV cases"
"Los Angeles",2024-04-30,2024-08-31,15,0.999887392179578,"cdf","WNV cases"
"Los Angeles",2024-04-30,2024-09-30,15,0.985938164379411,"cdf","WNV cases"
"Los Angeles",2024-04-30,2024-10-31,15,0.999973493641802,"cdf","WNV cases"
"Los Angeles",2024-04-30,2024-11-30,15,1,"cdf","WNV cases"
"Los Angeles",2024-04-30,2024-12-31,15,1,"cdf","WNV cases"
"Merced",2024-04-30,2024-05-31,15,1,"cdf","WNV cases"
"Merced",2024-04-30,2024-06-30,15,1,"cdf","WNV cases"
"Merced",2024-04-30,2024-07-31,15,1,"cdf","WNV cases"
"Merced",2024-04-30,2024-08-31,15,0.999247962645748,"cdf","WNV cases"
"Merced",2024-04-30,2024-09-30,15,0.793469371185501,"cdf","WNV cases"
"Merced",2024-04-30,2024-10-31,15,0.999247962645748,"cdf","WNV cases"
"Merced",2024-04-30,2024-11-30,15,0.999999999999153,"cdf","WNV cases"
"Merced",2024-04-30,2024-12-31,15,1,"cdf","WNV cases"
"Orange",2024-04-30,2024-05-31,15,1,"cdf","WNV cases"
"Orange",2024-04-30,2024-06-30,15,1,"cdf","WNV cases"
"Orange",2024-04-30,2024-07-31,15,1,"cdf","WNV cases"
"Orange",2024-04-30,2024-08-31,15,1,"cdf","WNV cases"
"Orange",2024-04-30,2024-09-30,15,0.998937912938451,"cdf","WNV cases"
"Orange",2024-04-30,2024-10-31,15,1,"cdf","WNV cases"
"Orange",2024-04-30,2024-11-30,15,1,"cdf","WNV cases"
"Orange",2024-04-30,2024-12-31,15,1,"cdf","WNV cases"
"Placer",2024-04-30,2024-05-31,15,1,"cdf","WNV cases"
"Placer",2024-04-30,2024-06-30,15,1,"cdf","WNV cases"
"Placer",2024-04-30,2024-07-31,15,1,"cdf","WNV cases"
"Placer",2024-04-30,2024-08-31,15,0.999999995502238,"cdf","WNV cases"
"Placer",2024-04-30,2024-09-30,15,0.970916753527875,"cdf","WNV cases"
"Placer",2024-04-30,2024-10-31,15,1,"cdf","WNV cases"
"Placer",2024-04-30,2024-11-30,15,1,"cdf","WNV cases"
"Placer",2024-04-30,2024-12-31,15,1,"cdf","WNV cases"
"Riverside",2024-04-30,2024-05-31,15,1,"cdf","WNV cases"
"Riverside",2024-04-30,2024-06-30,15,1,"cdf","WNV cases"
"Riverside",2024-04-30,2024-07-31,15,1,"cdf","WNV cases"
"Riverside",2024-04-30,2024-08-31,15,0.988045615227428,"cdf","WNV cases"
"Riverside",2024-04-30,2024-09-30,15,1,"cdf","WNV cases"
"Riverside",2024-04-30,2024-10-31,15,1,"cdf","WNV cases"
"Riverside",2024-04-30,2024-11-30,15,1,"cdf","WNV cases"
"Riverside",2024-04-30,2024-12-31,15,1,"cdf","WNV cases"
"Sacramento",2024-04-30,2024-05-31,15,1,"cdf","WNV cases"
"Sacramento",2024-04-30,2024-06-30,15,1,"cdf","WNV cases"
"Sacramento",2024-04-30,2024-07-31,15,1,"cdf","WNV cases"
"Sacramento",2024-04-30,2024-08-31,15,1,"cdf","WNV cases"
"Sacramento",2024-04-30,2024-09-30,15,1,"cdf","WNV cases"
"Sacramento",2024-04-30,2024-10-31,15,1,"cdf","WNV cases"
"Sacramento",2024-04-30,2024-11-30,15,1,"cdf","WNV cases"
"Sacramento",2024-04-30,2024-12-31,15,1,"cdf","WNV cases"
"San Bernardino",2024-04-30,2024-05-31,15,1,"cdf","WNV cases"
"San Bernardino",2024-04-30,2024-06-30,15,1,"cdf","WNV cases"
"San Bernardino",2024-04-30,2024-07-31,15,1,"cdf","WNV cases"
"San Bernardino",2024-04-30,2024-08-31,15,1,"cdf","WNV cases"
"San Bernardino",2024-04-30,2024-09-30,15,1,"cdf","WNV cases"
"San Bernardino",2024-04-30,2024-10-31,15,1,"cdf","WNV cases"
"San Bernardino",2024-04-30,2024-11-30,15,1,"cdf","WNV cases"
"San Bernardino",2024-04-30,2024-12-31,15,1,"cdf","WNV cases"
"San Joaquin",2024-04-30,2024-05-31,15,1,"cdf","WNV cases"
"San Joaquin",2024-04-30,2024-06-30,15,1,"cdf","WNV cases"
"San Joaquin",2024-04-30,2024-07-31,15,0.999999999999984,"cdf","WNV cases"
"San Joaquin",2024-04-30,2024-08-31,15,0.99999999999928,"cdf","WNV cases"
"San Joaquin",2024-04-30,2024-09-30,15,0.99999999999928,"cdf","WNV cases"
"San Joaquin",2024-04-30,2024-10-31,15,1,"cdf","WNV cases"
"San Joaquin",2024-04-30,2024-11-30,15,1,"cdf","WNV cases"
"San Joaquin",2024-04-30,2024-12-31,15,1,"cdf","WNV cases"
"Solano",2024-04-30,2024-05-31,15,1,"cdf","WNV cases"
"Solano",2024-04-30,2024-06-30,15,1,"cdf","WNV cases"
"Solano",2024-04-30,2024-07-31,15,0.999999999484523,"cdf","WNV cases"
"Solano",2024-04-30,2024-08-31,15,0.999999893271538,"cdf","WNV cases"
"Solano",2024-04-30,2024-09-30,15,0.999999999484523,"cdf","WNV cases"
"Solano",2024-04-30,2024-10-31,15,1,"cdf","WNV cases"
"Solano",2024-04-30,2024-11-30,15,1,"cdf","WNV cases"
"Solano",2024-04-30,2024-12-31,15,1,"cdf","WNV cases"
"Stanislaus",2024-04-30,2024-05-31,15,1,"cdf","WNV cases"
"Stanislaus",2024-04-30,2024-06-30,15,1,"cdf","WNV cases"
"Stanislaus",2024-04-30,2024-07-31,15,0.897901710096293,"cdf","WNV cases"
"Stanislaus",2024-04-30,2024-08-31,15,0.843888397356014,"cdf","WNV cases"
"Stanislaus",2024-04-30,2024-09-30,15,0.867904901630669,"cdf","WNV cases"
"Stanislaus",2024-04-30,2024-10-31,15,0.999999999996907,"cdf","WNV cases"
"Stanislaus",2024-04-30,2024-11-30,15,1,"cdf","WNV cases"
"Stanislaus",2024-04-30,2024-12-31,15,1,"cdf","WNV cases"
"Tulare",2024-04-30,2024-05-31,15,1,"cdf","WNV cases"
"Tulare",2024-04-30,2024-06-30,15,0.999999999999999,"cdf","WNV cases"
"Tulare",2024-04-30,2024-07-31,15,0.99999999987494,"cdf","WNV cases"
"Tulare",2024-04-30,2024-08-31,15,0.944482834168723,"cdf","WNV cases"
"Tulare",2024-04-30,2024-09-30,15,0.999999995265794,"cdf","WNV cases"
"Tulare",2024-04-30,2024-10-31,15,0.999999999999999,"cdf","WNV cases"
"Tulare",2024-04-30,2024-11-30,15,1,"cdf","WNV cases"
"Tulare",2024-04-30,2024-12-31,15,1,"cdf","WNV cases"
"Fresno",2024-04-30,2024-05-31,200,1,"cdf","WNV cases"
"Fresno",2024-04-30,2024-06-30,200,1,"cdf","WNV cases"
"Fresno",2024-04-30,2024-07-31,200,1,"cdf","WNV cases"
"Fresno",2024-04-30,2024-08-31,200,1,"cdf","WNV cases"
"Fresno",2024-04-30,2024-09-30,200,1,"cdf","WNV cases"
"Fresno",2024-04-30,2024-10-31,200,1,"cdf","WNV cases"
"Fresno",2024-04-30,2024-11-30,200,1,"cdf","WNV cases"
"Fresno",2024-04-30,2024-12-31,200,1,"cdf","WNV cases"
"Kern",2024-04-30,2024-05-31,200,1,"cdf","WNV cases"
"Kern",2024-04-30,2024-06-30,200,1,"cdf","WNV cases"
"Kern",2024-04-30,2024-07-31,200,1,"cdf","WNV cases"
"Kern",2024-04-30,2024-08-31,200,1,"cdf","WNV cases"
"Kern",2024-04-30,2024-09-30,200,1,"cdf","WNV cases"
"Kern",2024-04-30,2024-10-31,200,1,"cdf","WNV cases"
"Kern",2024-04-30,2024-11-30,200,1,"cdf","WNV cases"
"Kern",2024-04-30,2024-12-31,200,1,"cdf","WNV cases"
"Los Angeles",2024-04-30,2024-05-31,200,1,"cdf","WNV cases"
"Los Angeles",2024-04-30,2024-06-30,200,1,"cdf","WNV cases"
"Los Angeles",2024-04-30,2024-07-31,200,1,"cdf","WNV cases"
"Los Angeles",2024-04-30,2024-08-31,200,1,"cdf","WNV cases"
"Los Angeles",2024-04-30,2024-09-30,200,1,"cdf","WNV cases"
"Los Angeles",2024-04-30,2024-10-31,200,1,"cdf","WNV cases"
"Los Angeles",2024-04-30,2024-11-30,200,1,"cdf","WNV cases"
"Los Angeles",2024-04-30,2024-12-31,200,1,"cdf","WNV cases"
"Merced",2024-04-30,2024-05-31,200,1,"cdf","WNV cases"
"Merced",2024-04-30,2024-06-30,200,1,"cdf","WNV cases"
"Merced",2024-04-30,2024-07-31,200,1,"cdf","WNV cases"
"Merced",2024-04-30,2024-08-31,200,1,"cdf","WNV cases"
"Merced",2024-04-30,2024-09-30,200,1,"cdf","WNV cases"
"Merced",2024-04-30,2024-10-31,200,1,"cdf","WNV cases"
"Merced",2024-04-30,2024-11-30,200,1,"cdf","WNV cases"
"Merced",2024-04-30,2024-12-31,200,1,"cdf","WNV cases"
"Orange",2024-04-30,2024-05-31,200,1,"cdf","WNV cases"
"Orange",2024-04-30,2024-06-30,200,1,"cdf","WNV cases"
"Orange",2024-04-30,2024-07-31,200,1,"cdf","WNV cases"
"Orange",2024-04-30,2024-08-31,200,1,"cdf","WNV cases"
"Orange",2024-04-30,2024-09-30,200,1,"cdf","WNV cases"
"Orange",2024-04-30,2024-10-31,200,1,"cdf","WNV cases"
"Orange",2024-04-30,2024-11-30,200,1,"cdf","WNV cases"
"Orange",2024-04-30,2024-12-31,200,1,"cdf","WNV cases"
"Placer",2024-04-30,2024-05-31,200,1,"cdf","WNV cases"
"Placer",2024-04-30,2024-06-30,200,1,"cdf","WNV cases"
"Placer",2024-04-30,2024-07-31,200,1,"cdf","WNV cases"
"Placer",2024-04-30,2024-08-31,200,1,"cdf","WNV cases"
"Placer",2024-04-30,2024-09-30,200,0.999999999999279,"cdf","WNV cases"
"Placer",2024-04-30,2024-10-31,200,1,"cdf","WNV cases"
"Placer",2024-04-30,2024-11-30,200,1,"cdf","WNV cases"
"Placer",2024-04-30,2024-12-31,200,1,"cdf","WNV cases"
"Riverside",2024-04-30,2024-05-31,200,1,"cdf","WNV cases"
"Riverside",2024-04-30,2024-06-30,200,1,"cdf","WNV cases"
"Riverside",2024-04-30,2024-07-31,200,1,"cdf","WNV cases"
"Riverside",2024-04-30,2024-08-31,200,1,"cdf","WNV cases"
"Riverside",2024-04-30,2024-09-30,200,1,"cdf","WNV cases"
"Riverside",2024-04-30,2024-10-31,200,1,"cdf","WNV cases"
"Riverside",2024-04-30,2024-11-30,200,1,"cdf","WNV cases"
"Riverside",2024-04-30,2024-12-31,200,1,"cdf","WNV cases"
"Sacramento",2024-04-30,2024-05-31,200,1,"cdf","WNV cases"
"Sacramento",2024-04-30,2024-06-30,200,1,"cdf","WNV cases"
"Sacramento",2024-04-30,2024-07-31,200,1,"cdf","WNV cases"
"Sacramento",2024-04-30,2024-08-31,200,1,"cdf","WNV cases"
"Sacramento",2024-04-30,2024-09-30,200,1,"cdf","WNV cases"
"Sacramento",2024-04-30,2024-10-31,200,1,"cdf","WNV cases"
"Sacramento",2024-04-30,2024-11-30,200,1,"cdf","WNV cases"
"Sacramento",2024-04-30,2024-12-31,200,1,"cdf","WNV cases"
"San Bernardino",2024-04-30,2024-05-31,200,1,"cdf","WNV cases"
"San Bernardino",2024-04-30,2024-06-30,200,1,"cdf","WNV cases"
"San Bernardino",2024-04-30,2024-07-31,200,1,"cdf","WNV cases"
"San Bernardino",2024-04-30,2024-08-31,200,1,"cdf","WNV cases"
"San Bernardino",2024-04-30,2024-09-30,200,1,"cdf","WNV cases"
"San Bernardino",2024-04-30,2024-10-31,200,1,"cdf","WNV cases"
"San Bernardino",2024-04-30,2024-11-30,200,1,"cdf","WNV cases"
"San Bernardino",2024-04-30,2024-12-31,200,1,"cdf","WNV cases"
"San Joaquin",2024-04-30,2024-05-31,200,1,"cdf","WNV cases"
"San Joaquin",2024-04-30,2024-06-30,200,1,"cdf","WNV cases"
"San Joaquin",2024-04-30,2024-07-31,200,1,"cdf","WNV cases"
"San Joaquin",2024-04-30,2024-08-31,200,1,"cdf","WNV cases"
"San Joaquin",2024-04-30,2024-09-30,200,1,"cdf","WNV cases"
"San Joaquin",2024-04-30,2024-10-31,200,1,"cdf","WNV cases"
"San Joaquin",2024-04-30,2024-11-30,200,1,"cdf","WNV cases"
"San Joaquin",2024-04-30,2024-12-31,200,1,"cdf","WNV cases"
"Solano",2024-04-30,2024-05-31,200,1,"cdf","WNV cases"
"Solano",2024-04-30,2024-06-30,200,1,"cdf","WNV cases"
"Solano",2024-04-30,2024-07-31,200,1,"cdf","WNV cases"
"Solano",2024-04-30,2024-08-31,200,1,"cdf","WNV cases"
"Solano",2024-04-30,2024-09-30,200,1,"cdf","WNV cases"
"Solano",2024-04-30,2024-10-31,200,1,"cdf","WNV cases"
"Solano",2024-04-30,2024-11-30,200,1,"cdf","WNV cases"
"Solano",2024-04-30,2024-12-31,200,1,"cdf","WNV cases"
"Stanislaus",2024-04-30,2024-05-31,200,1,"cdf","WNV cases"
"Stanislaus",2024-04-30,2024-06-30,200,1,"cdf","WNV cases"
"Stanislaus",2024-04-30,2024-07-31,200,1,"cdf","WNV cases"
"Stanislaus",2024-04-30,2024-08-31,200,1,"cdf","WNV cases"
"Stanislaus",2024-04-30,2024-09-30,200,1,"cdf","WNV cases"
"Stanislaus",2024-04-30,2024-10-31,200,1,"cdf","WNV cases"
"Stanislaus",2024-04-30,2024-11-30,200,1,"cdf","WNV cases"
"Stanislaus",2024-04-30,2024-12-31,200,1,"cdf","WNV cases"
"Tulare",2024-04-30,2024-05-31,200,1,"cdf","WNV cases"
"Tulare",2024-04-30,2024-06-30,200,1,"cdf","WNV cases"
"Tulare",2024-04-30,2024-07-31,200,1,"cdf","WNV cases"
"Tulare",2024-04-30,2024-08-31,200,1,"cdf","WNV cases"
"Tulare",2024-04-30,2024-09-30,200,1,"cdf","WNV cases"
"Tulare",2024-04-30,2024-10-31,200,1,"cdf","WNV cases"
"Tulare",2024-04-30,2024-11-30,200,1,"cdf","WNV cases"
"Tulare",2024-04-30,2024-12-31,200,1,"cdf","WNV cases"
